sign_number,raw_text,character_count,start_index,first_character_index,leading_placeholder_count,termination_index,termination_reason,positions,needs_source_review,review_positions,source_status_counts
1,天門一掛榜預定奪標人馬嘶芳草地秋高聽鹿鳴,20,1,1,0,7681,placeholder,1 385 769 1153 1537 1921 2305 2689 3073 3457 3841 4225 4609 4993 5377 5761 6145 6529 6913 7297,True,1153 4225 4993 7297,"{""accepted"": 16, ""model_disagreement"": 4}"
2,地有神甚威靈興邦輔國尊主庇民,14,2,2,0,5378,placeholder,2 386 770 1154 1538 1922 2306 2690 3074 3458 3842 4226 4610 4994,True,4610,"{""accepted"": 13, ""model_disagreement"": 1}"
3,長安花不可及春風中馬蹄疾急早加鞭驟然生色,20,3,3,0,7683,placeholder,3 387 771 1155 1539 1923 2307 2691 3075 3459 3843 4227 4611 4995 5379 5763 6147 6531 6915 7299,True,6531,"{""accepted"": 19, ""model_disagreement"": 1}"
4,春花嬌媚不禁雨打風飄秋菊幽芳及耐霜凌雪傲,20,4,4,0,7684,placeholder,4 388 772 1156 1540 1924 2308 2692 3076 3460 3844 4228 4612 4996 5380 5764 6148 6532 6916 7300,True,4228,"{""accepted"": 19, ""model_disagreement"": 1}"
5,春雷震夏風巽臥龍起猛虎驚風雲會合救濟蒼生,20,5,389,1,8069,placeholder,389 773 1157 1541 1925 2309 2693 3077 3461 3845 4229 4613 4997 5381 5765 6149 6533 6917 7301 7685,True,2693,"{""accepted"": 19, ""model_disagreement"": 1}"
6,非玄非奥非淺非深一個妙道着意搜尋,16,6,390,1,6534,placeholder,390 774 1158 1542 1926 2310 2694 3078 3462 3846 4230 4614 4998 5382 5766 6150,True,774 1542 2310 4230,"{""accepted"": 12, ""model_disagreement"": 4}"
7,君須悟勿誤疑有平路任驅馳隨時變易件件咸宜,20,7,7,0,7687,placeholder,7 391 775 1159 1543 1927 2311 2695 3079 3463 3847 4231 4615 4999 5383 5767 6151 6535 6919 7303,True,2311 3463 6151,"{""accepted"": 17, ""model_disagreement"": 3}"
8,虎戀高山别有機衆人目下尚狐疑雁來嘹嚦黃花發此際聲名達帝畿,28,8,8,0,10760,placeholder,8 392 776 1160 1544 1928 2312 2696 3080 3464 3848 4232 4616 5000 5384 5768 6152 6536 6920 7304 7688 8072 8456 8840 9224 9608 9992 10376,True,1544 2696 3464 3848 5768 6152 6536 9992 10376,"{""accepted"": 19, ""low_confidence"": 1, ""model_disagreement"": 8}"
9,貴客相逢更可期庭前枯木鳳來儀好將短事求長事休聽旁人説是非,28,9,9,0,10761,placeholder,9 393 777 1161 1545 1929 2313 2697 3081 3465 3849 4233 4617 5001 5385 5769 6153 6537 6921 7305 7689 8073 8457 8841 9225 9609 9993 10377,True,8073 9609,"{""accepted"": 26, ""model_disagreement"": 2}"
10,嘹嚦征鴻獨出羣高飛羽翼更糾紛雲程北進好音遂聞朝雲暮雨交加有憑,30,10,10,0,11530,placeholder,10 394 778 1162 1546 1930 2314 2698 3082 3466 3850 4234 4618 5002 5386 5770 6154 6538 6922 7306 7690 8074 8458 8842 9226 9610 9994 10378 10762 11146,True,10 394 778 1930 2314 4618 7690 8074,"{""accepted"": 22, ""model_disagreement"": 8}"
11,無踪又無跡遠近均難覓平地起風波似笑還成泣,20,11,11,0,7691,placeholder,11 395 779 1163 1547 1931 2315 2699 3083 3467 3851 4235 4619 5003 5387 5771 6155 6539 6923 7307,True,395 1547 5771 7307,"{""accepted"": 16, ""model_disagreement"": 4}"
12,神黯黯意悠悠收却線莫下鈎,12,12,396,1,5004,placeholder,396 780 1164 1548 1932 2316 2700 3084 3468 3852 4236 4620,True,3084 3468 4236 4620,"{""accepted"": 8, ""model_disagreement"": 4}"
13,得意宜逢婦前程去有緣利名終有望三五月團圆,20,13,13,0,7693,placeholder,13 397 781 1165 1549 1933 2317 2701 3085 3469 3853 4237 4621 5005 5389 5773 6157 6541 6925 7309,True,4621 5389 7309,"{""accepted"": 17, ""low_confidence"": 1, ""model_disagreement"": 2}"
14,鼎沸起風波孤舟要渡河巧中藏却拙人事轉嗟跎,20,14,14,0,7694,placeholder,14 398 782 1166 1550 1934 2318 2702 3086 3470 3854 4238 4622 5006 5390 5774 6158 6542 6926 7310,True,4238 5006 5390 6926 7310,"{""accepted"": 15, ""model_disagreement"": 5}"
15,意在閒中信未來故人千里自徘徊天邊雁足傳消息一點梅花春色回,28,15,15,0,10767,placeholder,15 399 783 1167 1551 1935 2319 2703 3087 3471 3855 4239 4623 5007 5391 5775 6159 6543 6927 7311 7695 8079 8463 8847 9231 9615 9999 10383,True,783 3855 4623 5007 5391 7311,"{""accepted"": 22, ""model_disagreement"": 6}"
16,心和同事知同門外好施功交加事有終,16,16,400,1,6544,placeholder,400 784 1168 1552 1936 2320 2704 3088 3472 3856 4240 4624 5008 5392 5776 6160,False,,"{""accepted"": 16}"
17,欲行還止徘徊不已藏玉懷珠寸心千里,16,17,401,1,6545,placeholder,401 785 1169 1553 1937 2321 2705 3089 3473 3857 4241 4625 5009 5393 5777 6161,True,1937 2321 3089 3857 6161,"{""accepted"": 10, ""corrected"": 1, ""model_disagreement"": 5}"
18,心戚戚口啾啾一番思慮一番憂説了休時又不休,20,18,18,0,7698,placeholder,18 402 786 1170 1554 1938 2322 2706 3090 3474 3858 4242 4626 5010 5394 5778 6162 6546 6930 7314,True,2322 3858 5010,"{""accepted"": 17, ""model_disagreement"": 3}"
19,不遠不近似易似難等閑一事雲中笑看,16,19,19,0,6163,placeholder,19 403 787 1171 1555 1939 2323 2707 3091 3475 3859 4243 4627 5011 5395 5779,True,4627,"{""accepted"": 15, ""model_disagreement"": 1}"
20,桃李謝春風西飛又復東家中無意緒船在浪濤中,20,20,404,1,8084,placeholder,404 788 1172 1556 1940 2324 2708 3092 3476 3860 4244 4628 5012 5396 5780 6164 6548 6932 7316 7700,True,3476,"{""accepted"": 19, ""model_disagreement"": 1}"
21,一水遠一水一山旋一山水窮山盡處名利不為難,20,21,21,0,7701,placeholder,21 405 789 1173 1557 1941 2325 2709 3093 3477 3861 4245 4629 5013 5397 5781 6165 6549 6933 7317,True,21 1941 3861 4629 5013,"{""accepted"": 15, ""model_disagreement"": 5}"
22,事相扶在半途翻覆終可免風波一點無,16,22,22,0,6166,placeholder,22 406 790 1174 1558 1942 2326 2710 3094 3478 3862 4246 4630 5014 5398 5782,True,5014,"{""accepted"": 15, ""model_disagreement"": 1}"
23,喜喜喜春風生桃李不用強憂煎明月人干里,18,23,23,0,6935,placeholder,23 407 791 1175 1559 1943 2327 2711 3095 3479 3863 4247 4631 5015 5399 5783 6167 6551,True,1943 6167 6551,"{""accepted"": 15, ""model_disagreement"": 3}"
24,意孜孜心戚戚要平安防出入,12,24,408,1,5016,placeholder,408 792 1176 1560 1944 2328 2712 3096 3480 3864 4248 4632,True,4248 4632,"{""accepted"": 10, ""low_confidence"": 1, ""model_disagreement"": 1}"
25,見不見也防人背西遇不遇到底無憑據,16,25,409,1,6553,placeholder,409 793 1177 1561 1945 2329 2713 3097 3481 3865 4249 4633 5017 5401 5785 6169,True,2713,"{""accepted"": 15, ""model_disagreement"": 1}"
26,一番桃李一番春護識當初氣象新林下水邊尋活計見山了了稱心情,28,26,410,1,11162,placeholder,410 794 1178 1562 1946 2330 2714 3098 3482 3866 4250 4634 5018 5402 5786 6170 6554 6938 7322 7706 8090 8474 8858 9242 9626 10010 10394 10778,True,1946 5786 8858 9242,"{""accepted"": 24, ""model_disagreement"": 4}"
27,莫怪我見錯心性自成疴偏僻不通心真人却不魔,20,27,27,0,7707,placeholder,27 411 795 1179 1563 1947 2331 2715 3099 3483 3867 4251 4635 5019 5403 5787 6171 6555 6939 7323,True,3483 4251 6171 6555,"{""accepted"": 16, ""model_disagreement"": 4}"
28,禄馬交馳男兒得志時行程早辦榮歸樂期頤,18,28,28,0,6940,placeholder,28 412 796 1180 1564 1948 2332 2716 3100 3484 3868 4252 4636 5020 5404 5788 6172 6556,True,28 5020,"{""accepted"": 16, ""low_confidence"": 1, ""model_disagreement"": 1}"
29,了却心頭事三生夙有緣香開十里桂移步入天邊,20,29,29,0,7709,placeholder,29 413 797 1181 1565 1949 2333 2717 3101 3485 3869 4253 4637 5021 5405 5789 6173 6557 6941 7325,True,413 2717 3101 5021,"{""accepted"": 16, ""model_disagreement"": 4}"
30,緣黃閣白了頭畢竟成何濟不如趁此精神猶好買些真氣,23,30,30,0,8862,placeholder,30 414 798 1182 1566 1950 2334 2718 3102 3486 3870 4254 4638 5022 5406 5790 6174 6558 6942 7326 7710 8094 8478,True,1182 5022 7710,"{""accepted"": 20, ""model_disagreement"": 3}"
31,離别間雖不易同伴行猶不滞早早起程免他失意,20,31,31,0,7711,placeholder,31 415 799 1183 1567 1951 2335 2719 3103 3487 3871 4255 4639 5023 5407 5791 6175 6559 6943 7327,True,415 799 4255,"{""accepted"": 17, ""model_disagreement"": 3}"
32,樂之極矣憂將至巽兌分明吉與凶未能光大終幽暗日落西山返照中,28,32,416,1,11168,placeholder,416 800 1184 1568 1952 2336 2720 3104 3488 3872 4256 4640 5024 5408 5792 6176 6560 6944 7328 7712 8096 8480 8864 9248 9632 10016 10400 10784,True,416 1568 3104 3488 4640 5408 8480,"{""accepted"": 21, ""model_disagreement"": 7}"
33,歷過波濤三五重誰知浪靜又無風須教明遠青雲路用舍行藏不費功,28,33,33,0,10785,placeholder,33 417 801 1185 1569 1953 2337 2721 3105 3489 3873 4257 4641 5025 5409 5793 6177 6561 6945 7329 7713 8097 8481 8865 9249 9633 10017 10401,True,2721 8481,"{""accepted"": 26, ""model_disagreement"": 2}"
34,缺月又重圓枯枝色更鮮一條夷坦路翹首望青天,20,34,34,0,7714,placeholder,34 418 802 1186 1570 1954 2338 2722 3106 3490 3874 4258 4642 5026 5410 5794 6178 6562 6946 7330,True,3874 6562,"{""accepted"": 18, ""model_disagreement"": 2}"
35,行路難行路難今日方知行路難前程廣大何足慮瓊力今朝度此灘,27,35,35,0,10403,placeholder,35 419 803 1187 1571 1955 2339 2723 3107 3491 3875 4259 4643 5027 5411 5795 6179 6563 6947 7331 7715 8099 8483 8867 9251 9635 10019,False,,"{""accepted"": 27}"
36,春景明春色新春意傍水生春天無限好好去宴勉林,21,36,420,1,8484,placeholder,420 804 1188 1572 1956 2340 2724 3108 3492 3876 4260 4644 5028 5412 5796 6180 6564 6948 7332 7716 8100,True,3108,"{""accepted"": 20, ""model_disagreement"": 1}"
37,萬馬歸元千獵朝洞虎伏龍降道高德重,16,37,421,1,6565,placeholder,421 805 1189 1573 1957 2341 2725 3109 3493 3877 4261 4645 5029 5413 5797 6181,False,,"{""accepted"": 16}"
38,黃鸝報上林春色鮮明提鞭快着馬上速行程,18,38,38,0,6950,placeholder,38 422 806 1190 1574 1958 2342 2726 3110 3494 3878 4262 4646 5030 5414 5798 6182 6566,True,422,"{""accepted"": 17, ""model_disagreement"": 1}"
39,大肆放靈丹救人行萬千到頭登彼岸渡過入仙班,20,39,39,0,7719,placeholder,39 423 807 1191 1575 1959 2343 2727 3111 3495 3879 4263 4647 5031 5415 5799 6183 6567 6951 7335,False,,"{""accepted"": 20}"
40,一帶水碧澄澄舟住江上月到天心穩步其中玄妙不閒非人誤已幾喪生身,30,40,40,0,11560,placeholder,40 424 808 1192 1576 1960 2344 2728 3112 3496 3880 4264 4648 5032 5416 5800 6184 6568 6952 7336 7720 8104 8488 8872 9256 9640 10024 10408 10792 11176,True,40 5032 5416 8104 9640,"{""accepted"": 25, ""low_confidence"": 1, ""model_disagreement"": 4}"
41,桃李舒妍春光鮮麗良辰美景君須記隨心所往事事相宜無用多疑千凟神祇,31,41,425,1,12329,placeholder,425 809 1193 1577 1961 2345 2729 3113 3497 3881 4265 4649 5033 5417 5801 6185 6569 6953 7337 7721 8105 8489 8873 9257 9641 10025 10409 10793 11177 11561 11945,True,9641 11945,"{""accepted"": 28, ""corrected"": 1, ""model_disagreement"": 2}"
42,穩中顯顯中微個中有玄機參得透了直上仙梯,19,42,426,1,7722,placeholder,426 810 1194 1578 1962 2346 2730 3114 3498 3882 4266 4650 5034 5418 5802 6186 6570 6954 7338,True,426 3882 5802,"{""accepted"": 16, ""model_disagreement"": 3}"
43,無上去在前頭回頭一悟繩韁好收千條萬線路常在自好搜求,25,43,427,1,10027,placeholder,427 811 1195 1579 1963 2347 2731 3115 3499 3883 4267 4651 5035 5419 5803 6187 6571 6955 7339 7723 8107 8491 8875 9259 9643,True,2731 4267 4651 6955 8491,"{""accepted"": 20, ""model_disagreement"": 5}"
44,四顧無門路桃源路可通修煉成正果萬歲壽如松,20,44,428,1,8108,placeholder,428 812 1196 1580 1964 2348 2732 3116 3500 3884 4268 4652 5036 5420 5804 6188 6572 6956 7340 7724,True,7724,"{""accepted"": 19, ""model_disagreement"": 1}"
45,不用忙不用慌自有駐足鄉鳴鼓響鐘地三寶見門牆,21,45,429,1,8493,placeholder,429 813 1197 1581 1965 2349 2733 3117 3501 3885 4269 4653 5037 5421 5805 6189 6573 6957 7341 7725 8109,True,1197 4269 4653 6957 7341,"{""accepted"": 16, ""model_disagreement"": 5}"
46,奔波一世總是虚浮無常一到萬事休急早回頭,19,46,46,0,7342,placeholder,46 430 814 1198 1582 1966 2350 2734 3118 3502 3886 4270 4654 5038 5422 5806 6190 6574 6958,True,2350 4270,"{""accepted"": 17, ""model_disagreement"": 2}"
47,真真真人不識真其真神有靈歸宗返本方是元精,20,47,47,0,7727,placeholder,47 431 815 1199 1583 1967 2351 2735 3119 3503 3887 4271 4655 5039 5423 5807 6191 6575 6959 7343,False,,"{""accepted"": 20}"
48,走盡天涯風霜歷遍不如問人三天漸漸有回首見,20,48,48,0,7728,placeholder,48 432 816 1200 1584 1968 2352 2736 3120 3504 3888 4272 4656 5040 5424 5808 6192 6576 6960 7344,False,,"{""accepted"": 20}"
49,沉沉疴染不見天心雷門一震體健身輕,16,49,49,0,6193,placeholder,49 433 817 1201 1585 1969 2353 2737 3121 3505 3889 4273 4657 5041 5425 5809,True,817 1201 3889,"{""accepted"": 13, ""model_disagreement"": 3}"
50,財馬兩勿忙官禄有定方猪羊牛犬自去主張,18,50,434,1,7346,placeholder,434 818 1202 1586 1970 2354 2738 3122 3506 3890 4274 4658 5042 5426 5810 6194 6578 6962,True,1970 2738 4274 5426,"{""accepted"": 14, ""model_disagreement"": 4}"
51,空空空空裏得成功蟠挑千載熟不怕五更風,18,51,435,1,7347,placeholder,435 819 1203 1587 1971 2355 2739 3123 3507 3891 4275 4659 5043 5427 5811 6195 6579 6963,True,435 1971 3891,"{""accepted"": 15, ""model_disagreement"": 3}"
52,愁臉放笑顏開秋月掛高臺人從千里來,16,52,52,0,6196,placeholder,52 436 820 1204 1588 1972 2356 2740 3124 3508 3892 4276 4660 5044 5428 5812,True,3124 3892 5428,"{""accepted"": 13, ""model_disagreement"": 3}"
53,須着力莫遠遊長竿釣向蟾蜍窟直欲雲中得巨鰲,20,53,53,0,7733,placeholder,53 437 821 1205 1589 1973 2357 2741 3125 3509 3893 4277 4661 5045 5429 5813 6197 6581 6965 7349,True,1973,"{""accepted"": 19, ""model_disagreement"": 1}"
54,無蹤無跡遠近難覓旱海行舟空勞費力,16,54,438,1,6582,placeholder,438 822 1206 1590 1974 2358 2742 3126 3510 3894 4278 4662 5046 5430 5814 6198,True,822 1590 3510 5046,"{""accepted"": 12, ""model_disagreement"": 4}"
55,細雨濛濛濕江邊路不通道途音信遠憑仗借柬風,20,55,55,0,7735,placeholder,55 439 823 1207 1591 1975 2359 2743 3127 3511 3895 4279 4663 5047 5431 5815 6199 6583 6967 7351,True,823 1207 5431 6199 6967,"{""accepted"": 15, ""model_disagreement"": 5}"
56,平地起風煙時下未能安高處覓姻豪,15,56,440,1,6200,placeholder,440 824 1208 1592 1976 2360 2744 3128 3512 3896 4280 4664 5048 5432 5816,True,1976 5048,"{""accepted"": 13, ""model_disagreement"": 2}"
57,正直宜守妄動生災利通名達葉落花開,16,57,441,1,6585,placeholder,441 825 1209 1593 1977 2361 2745 3129 3513 3897 4281 4665 5049 5433 5817 6201,True,3129,"{""accepted"": 15, ""model_disagreement"": 1}"
58,君子升小人阻征戰生離苦前有吉人逢信在馬牛人在楚事要營求妥,28,58,58,0,10810,placeholder,58 442 826 1210 1594 1978 2362 2746 3130 3514 3898 4282 4666 5050 5434 5818 6202 6586 6970 7354 7738 8122 8506 8890 9274 9658 10042 10426,True,442 2362 3898 5818 10042 10426,"{""accepted"": 22, ""model_disagreement"": 6}"
59,紛紛復紛紛欷歔獨掩門歛眉望燈火伴我生黃昏,20,59,443,1,8123,placeholder,443 827 1211 1595 1979 2363 2747 3131 3515 3899 4283 4667 5051 5435 5819 6203 6587 6971 7355 7739,True,443 827 1211 1595 1979 2363 2747 4283 4667 5051 7739,"{""accepted"": 9, ""low_confidence"": 3, ""model_disagreement"": 8}"
60,紅顏美休掛懷人在車中舟行水裏,14,60,444,1,5820,placeholder,444 828 1212 1596 1980 2364 2748 3132 3516 3900 4284 4668 5052 5436,True,444 1980 5436,"{""accepted"": 11, ""low_confidence"": 1, ""model_disagreement"": 2}"
61,橋己斷路不通登舟理楫又遇狂風,14,61,445,1,5821,placeholder,445 829 1213 1597 1981 2365 2749 3133 3517 3901 4285 4669 5053 5437,True,3133 3901,"{""accepted"": 12, ""model_disagreement"": 2}"
62,深潭月照鏡影一場空安報信,12,62,446,1,5054,placeholder,446 830 1214 1598 1982 2366 2750 3134 3518 3902 4286 4670,True,2750,"{""accepted"": 11, ""model_disagreement"": 1}"
63,湖海意悠悠烟波下釣鈎若逢龍與兎名利一齊周,20,63,447,1,8127,placeholder,447 831 1215 1599 1983 2367 2751 3135 3519 3903 4287 4671 5055 5439 5823 6207 6591 6975 7359 7743,True,2367 3903 4671 5823,"{""accepted"": 16, ""model_disagreement"": 4}"
64,物不牢人斷橋重整理慢心高,12,64,448,1,5056,placeholder,448 832 1216 1600 1984 2368 2752 3136 3520 3904 4288 4672,True,1216 4288,"{""accepted"": 10, ""model_disagreement"": 2}"
65,入而易出而難懨懨到再三交加意不堪,16,65,65,0,6209,placeholder,65 449 833 1217 1601 1985 2369 2753 3137 3521 3905 4289 4673 5057 5441 5825,True,1217 5441,"{""accepted"": 12, ""corrected"": 2, ""low_confidence"": 1, ""model_disagreement"": 1}"
66,事遲志速而且反覆直待崴寒花殘果熟,16,66,66,0,6210,placeholder,66 450 834 1218 1602 1986 2370 2754 3138 3522 3906 4290 4674 5058 5442 5826,True,3906 5058,"{""accepted"": 14, ""model_disagreement"": 2}"
67,乘馬前進所求吉貞隨時諧美缺月重明,16,67,67,0,6211,placeholder,67 451 835 1219 1603 1987 2371 2755 3139 3523 3907 4291 4675 5059 5443 5827,True,1987,"{""accepted"": 15, ""model_disagreement"": 1}"
68,舟離在渡月離雲人出潼關好問津且向前行去求住何須疑慮兩三心,28,68,68,0,10820,placeholder,68 452 836 1220 1604 1988 2372 2756 3140 3524 3908 4292 4676 5060 5444 5828 6212 6596 6980 7364 7748 8132 8516 8900 9284 9668 10052 10436,True,68 3140 6980,"{""accepted"": 25, ""model_disagreement"": 3}"
69,不足不足難伸心曲野塘雨過月如鈎夢斷邯鄲眉黛愁,22,69,69,0,8517,placeholder,69 453 837 1221 1605 1989 2373 2757 3141 3525 3909 4293 4677 5061 5445 5829 6213 6597 6981 7365 7749 8133,True,5445 7365,"{""accepted"": 20, ""model_disagreement"": 2}"
70,美有堪堪有美始有終終有始,12,70,70,0,4678,placeholder,70 454 838 1222 1606 1990 2374 2758 3142 3526 3910 4294,False,,"{""accepted"": 12}"
71,湖海悠悠孤舟浪頭來人未渡殘照山樓,16,71,455,1,6599,placeholder,455 839 1223 1607 1991 2375 2759 3143 3527 3911 4295 4679 5063 5447 5831 6215,True,2375 3911,"{""accepted"": 14, ""model_disagreement"": 2}"
72,深戸要牢局隄防暗裏人莫言無外事縱好定遭速,20,72,456,1,8136,placeholder,456 840 1224 1608 1992 2376 2760 3144 3528 3912 4296 4680 5064 5448 5832 6216 6600 6984 7368 7752,True,840 1608 2376 3528,"{""accepted"": 16, ""model_disagreement"": 4}"
73,江海悠悠烟波下鈎六鰲連獲歌笑中流,16,73,457,1,6601,placeholder,457 841 1225 1609 1993 2377 2761 3145 3529 3913 4297 4681 5065 5449 5833 6217,True,1993 2761 3145,"{""accepted"": 13, ""model_disagreement"": 3}"
74,欲濟未濟欲求强求心無一定一車兩頭,16,74,74,0,6218,placeholder,74 458 842 1226 1610 1994 2378 2762 3146 3530 3914 4298 4682 5066 5450 5834,True,2378 3914,"{""accepted"": 14, ""model_disagreement"": 2}"
75,一得一慮退後欲先路通大道心自安然,16,75,459,1,6603,placeholder,459 843 1227 1611 1995 2379 2763 3147 3531 3915 4299 4683 5067 5451 5835 6219,True,1227 5067 5451,"{""accepted"": 13, ""model_disagreement"": 3}"
76,難難難忽然平地起波瀾易易易談笑尋常終有望,20,76,76,0,7756,placeholder,76 460 844 1228 1612 1996 2380 2764 3148 3532 3916 4300 4684 5068 5452 5836 6220 6604 6988 7372,True,3532 4300,"{""accepted"": 18, ""low_confidence"": 1, ""model_disagreement"": 1}"
77,心有餘力不足倚仗春風一歌一曲,14,77,461,1,5837,placeholder,461 845 1229 1613 1997 2381 2765 3149 3533 3917 4301 4685 5069 5453,True,461 3149,"{""accepted"": 11, ""corrected"": 1, ""model_disagreement"": 2}"
78,身不安心不安動静兩三番終朝事必歡,16,78,462,1,6606,placeholder,462 846 1230 1614 1998 2382 2766 3150 3534 3918 4302 4686 5070 5454 5838 6222,True,3150,"{""accepted"": 15, ""model_disagreement"": 1}"
79,事了物未了人圓物未圓要知端的信日影上琅玕,20,79,463,1,8143,placeholder,463 847 1231 1615 1999 2383 2767 3151 3535 3919 4303 4687 5071 5455 5839 6223 6607 6991 7375 7759,True,7759,"{""accepted"": 19, ""model_disagreement"": 1}"
80,木向陽春發三陰又伏根樵夫不知道欲去作柴薪,20,80,80,0,7760,placeholder,80 464 848 1232 1616 2000 2384 2768 3152 3536 3920 4304 4688 5072 5456 5840 6224 6608 6992 7376,True,3920 5840,"{""accepted"": 18, ""model_disagreement"": 2}"
81,一月缺一鏡缺不團圓無可説,12,81,465,1,5073,placeholder,465 849 1233 1617 2001 2385 2769 3153 3537 3921 4305 4689,True,465 1617 4689,"{""accepted"": 9, ""low_confidence"": 1, ""model_disagreement"": 2}"
82,車馬到臨旌旗隱隱月分明招安討叛永大前程,19,82,466,1,7762,placeholder,466 850 1234 1618 2002 2386 2770 3154 3538 3922 4306 4690 5074 5458 5842 6226 6610 6994 7378,True,2002 5458,"{""accepted"": 17, ""model_disagreement"": 2}"
83,我何宿我何宿海東河北成名錄一段神光直冲天瀆,21,83,83,0,8147,placeholder,83 467 851 1235 1619 2003 2387 2771 3155 3539 3923 4307 4691 5075 5459 5843 6227 6611 6995 7379 7763,True,5075 6995,"{""accepted"": 19, ""model_disagreement"": 2}"
84,金鱗入手得還防走若論周旋謹言緘口,16,84,84,0,6228,placeholder,84 468 852 1236 1620 2004 2388 2772 3156 3540 3924 4308 4692 5076 5460 5844,True,468 5460,"{""accepted"": 14, ""model_disagreement"": 2}"
85,傾一盃展愁眉天地合好思為,12,85,469,1,5077,placeholder,469 853 1237 1621 2005 2389 2773 3157 3541 3925 4309 4693,True,1237 4693,"{""accepted"": 10, ""model_disagreement"": 2}"
86,野鬼張弧射主人暗中一箭鬼魂驚忽然紅日沉江海難破空中事不明,28,86,86,0,10838,placeholder,86 470 854 1238 1622 2006 2390 2774 3158 3542 3926 4310 4694 5078 5462 5846 6230 6614 6998 7382 7766 8150 8534 8918 9302 9686 10070 10454,True,3542,"{""accepted"": 27, ""model_disagreement"": 1}"
87,福星照吉宿臨青天有日見天真龍飛下載到明庭,20,87,471,1,8151,placeholder,471 855 1239 1623 2007 2391 2775 3159 3543 3927 4311 4695 5079 5463 5847 6231 6615 6999 7383 7767,True,3927 4311 6231,"{""accepted"": 17, ""model_disagreement"": 3}"
88,獨釣寒潭中途興闌水寒魚不餌空載月明還,18,88,472,1,7384,placeholder,472 856 1240 1624 2008 2392 2776 3160 3544 3928 4312 4696 5080 5464 5848 6232 6616 7000,True,3160,"{""accepted"": 17, ""model_disagreement"": 1}"
89,不歸一勞心力貴人旁宜借力,12,89,473,1,5081,placeholder,473 857 1241 1625 2009 2393 2777 3161 3545 3929 4313 4697,True,1241 2009 3545,"{""accepted"": 9, ""model_disagreement"": 3}"
90,雲盡月當中光輝到處通路途逢水順千里快如風,20,90,474,1,8154,placeholder,474 858 1242 1626 2010 2394 2778 3162 3546 3930 4314 4698 5082 5466 5850 6234 6618 7002 7386 7770,True,858 5082 6618,"{""accepted"": 17, ""model_disagreement"": 3}"
91,劍戟列山林盗賊必來侵敗走擒搜定封候蔭子孫,20,91,91,0,7771,placeholder,91 475 859 1243 1627 2011 2395 2779 3163 3547 3931 4315 4699 5083 5467 5851 6235 6619 7003 7387,True,2011 5851 6235,"{""accepted"": 17, ""model_disagreement"": 3}"
92,岸濶水深舟易落路遥山險步難行蛇行自有通津日月上天空分外明,28,92,92,0,10844,placeholder,92 476 860 1244 1628 2012 2396 2780 3164 3548 3932 4316 4700 5084 5468 5852 6236 6620 7004 7388 7772 8156 8540 8924 9308 9692 10076 10460,True,476 1628 3164 5468,"{""accepted"": 24, ""model_disagreement"": 4}"
93,擬欲遷而未可遷隄防喜處惹勾連前途若得陰人引變化魚龍出大淵,28,93,93,0,10845,placeholder,93 477 861 1245 1629 2013 2397 2781 3165 3549 3933 4317 4701 5085 5469 5853 6237 6621 7005 7389 7773 8157 8541 8925 9309 9693 10077 10461,True,2397 2781 4317 4701 8541,"{""accepted"": 23, ""model_disagreement"": 5}"
94,一人去一人入清風明月兩相猜獲得金麟下鈎臺,20,94,478,1,8158,placeholder,478 862 1246 1630 2014 2398 2782 3166 3550 3934 4318 4702 5086 5470 5854 6238 6622 7006 7390 7774,True,7390 7774,"{""accepted"": 18, ""model_disagreement"": 2}"
95,喜未隱悲己遭大雨狂風吹古木人人盡道不堅牢,20,95,479,1,8159,placeholder,479 863 1247 1631 2015 2399 2783 3167 3551 3935 4319 4703 5087 5471 5855 6239 6623 7007 7391 7775,True,2783 4703 5471 7775,"{""accepted"": 16, ""model_disagreement"": 4}"
96,可以寄百里之命可以托六尺之孤鍾期旣遇母遲誤笑呼呼他鄉聚首各自樂康,32,96,96,0,12384,placeholder,96 480 864 1248 1632 2016 2400 2784 3168 3552 3936 4320 4704 5088 5472 5856 6240 6624 7008 7392 7776 8160 8544 8928 9312 9696 10080 10464 10848 11232 11616 12000,True,1632 7008,"{""accepted"": 29, ""corrected"": 1, ""model_disagreement"": 2}"
97,報道上林春色鮮明提鞭快着馬上行程,16,97,481,1,6625,placeholder,481 865 1249 1633 2017 2401 2785 3169 3553 3937 4321 4705 5089 5473 5857 6241,True,4321,"{""accepted"": 15, ""model_disagreement"": 1}"
98,鼠入土穴最可安身日中不見静夜巡行,16,98,482,1,6626,placeholder,482 866 1250 1634 2018 2402 2786 3170 3554 3938 4322 4706 5090 5474 5858 6242,True,5090 5858,"{""accepted"": 14, ""low_confidence"": 1, ""model_disagreement"": 1}"
99,打起平生志西南好去游腰纏十萬貫騎鶴上揚州,20,99,99,0,7779,placeholder,99 483 867 1251 1635 2019 2403 2787 3171 3555 3939 4323 4707 5091 5475 5859 6243 6627 7011 7395,True,1251 5475,"{""accepted"": 18, ""model_disagreement"": 2}"
100,喜喜喜終防否獲得驪龍頷下珠忽然失却還在水裡,21,100,100,0,8164,placeholder,100 484 868 1252 1636 2020 2404 2788 3172 3556 3940 4324 4708 5092 5476 5860 6244 6628 7012 7396 7780,True,3172 3940 6244 7780,"{""accepted"": 17, ""model_disagreement"": 4}"
101,國有賢士廷無佞臣干戈不用常享太平,16,101,101,0,6245,placeholder,101 485 869 1253 1637 2021 2405 2789 3173 3557 3941 4325 4709 5093 5477 5861,True,2405 3173,"{""accepted"": 14, ""model_disagreement"": 2}"
102,泰來否已極諸事莫憂心但須培養元福做些好事行些方便一點丹靈獨得真,31,102,102,0,12006,placeholder,102 486 870 1254 1638 2022 2406 2790 3174 3558 3942 4326 4710 5094 5478 5862 6246 6630 7014 7398 7782 8166 8550 8934 9318 9702 10086 10470 10854 11238 11622,True,1254 1638 2022 3558 8166 9318,"{""accepted"": 25, ""model_disagreement"": 6}"
103,民樂業官吏清雍熙之世復見子今告諸人千秋鴻業仗此望明君,26,103,103,0,10087,placeholder,103 487 871 1255 1639 2023 2407 2791 3175 3559 3943 4327 4711 5095 5479 5863 6247 6631 7015 7399 7783 8167 8551 8935 9319 9703,True,4711 6631 8167 8935,"{""accepted"": 22, ""model_disagreement"": 4}"
104,安如泰山隱如盤石放膽前行中通外直,16,104,104,0,6248,placeholder,104 488 872 1256 1640 2024 2408 2792 3176 3560 3944 4328 4712 5096 5480 5864,True,488,"{""accepted"": 15, ""model_disagreement"": 1}"
105,月中有丹桂人終攀不着雲梯足下生此際好落脚,20,105,489,1,8169,placeholder,489 873 1257 1641 2025 2409 2793 3177 3561 3945 4329 4713 5097 5481 5865 6249 6633 7017 7401 7785,True,3561 5481 7785,"{""accepted"": 17, ""low_confidence"": 1, ""model_disagreement"": 2}"
106,天間一狐雁嘹嚦歎離羣試問知君者而今有幾人,20,106,106,0,7786,placeholder,106 490 874 1258 1642 2026 2410 2794 3178 3562 3946 4330 4714 5098 5482 5866 6250 6634 7018 7402,True,874 2026 2410 2794 3562 7018,"{""accepted"": 14, ""model_disagreement"": 6}"
107,紅葉無顏色凋零一夜風鄰鷄醒午夢心事總成空,20,107,107,0,7787,placeholder,107 491 875 1259 1643 2027 2411 2795 3179 3563 3947 4331 4715 5099 5483 5867 6251 6635 7019 7403,True,2027 4331,"{""accepted"": 18, ""model_disagreement"": 2}"
108,事如麻理多錯日掩雲中空成擔擱,14,108,492,1,5868,placeholder,492 876 1260 1644 2028 2412 2796 3180 3564 3948 4332 4716 5100 5484,False,,"{""accepted"": 14}"
109,勿上舊轍甘駕新車東西南北穩步康衢,16,109,109,0,6253,placeholder,109 493 877 1261 1645 2029 2413 2797 3181 3565 3949 4333 4717 5101 5485 5869,True,1261 4717,"{""accepted"": 14, ""model_disagreement"": 2}"
110,夜夢被鼠驚醒來不見人終宵廢寢直到天明,18,110,110,0,7022,placeholder,110 494 878 1262 1646 2030 2414 2798 3182 3566 3950 4334 4718 5102 5486 5870 6254 6638,False,,"{""accepted"": 18}"
111,秋霜肅夏日炎新花鮮了舊花淹世情看冷暖逢者不須言,23,111,111,0,8943,placeholder,111 495 879 1263 1647 2031 2415 2799 3183 3567 3951 4335 4719 5103 5487 5871 6255 6639 7023 7407 7791 8175 8559,True,5103 7023,"{""accepted"": 21, ""model_disagreement"": 2}"
112,來展英雄志馳驅不憚勞敢將休咎卜西北奪前標,20,112,112,0,7792,placeholder,112 496 880 1264 1648 2032 2416 2800 3184 3568 3952 4336 4720 5104 5488 5872 6256 6640 7024 7408,True,3184 5104 5488,"{""accepted"": 17, ""model_disagreement"": 3}"
113,疴染沉沉終日昏昏雷門一震體健身輕,16,113,497,1,6641,placeholder,497 881 1265 1649 2033 2417 2801 3185 3569 3953 4337 4721 5105 5489 5873 6257,True,497 2417 2801 4337,"{""accepted"": 12, ""model_disagreement"": 4}"
114,易花易難非難忽地起波瀾歡笑兩三番,16,114,498,1,6642,placeholder,498 882 1266 1650 2034 2418 2802 3186 3570 3954 4338 4722 5106 5490 5874 6258,True,2802 4338,"{""accepted"": 14, ""model_disagreement"": 2}"
115,路不通門閉塞謹慎隄防雲藏月黑,14,115,499,1,5875,placeholder,499 883 1267 1651 2035 2419 2803 3187 3571 3955 4339 4723 5107 5491,True,1651 2035 3571 5491,"{""accepted"": 10, ""model_disagreement"": 4}"
116,蝸角蠅頭利而今已變通草頭人笑汝宜始不宜終,20,116,116,0,7796,placeholder,116 500 884 1268 1652 2036 2420 2804 3188 3572 3956 4340 4724 5108 5492 5876 6260 6644 7028 7412,True,500 2804 5108 5492,"{""accepted"": 16, ""model_disagreement"": 4}"
117,珠王走盤中田園定阜豐休言謀未遂此去便亨通,20,117,117,0,7797,placeholder,117 501 885 1269 1653 2037 2421 2805 3189 3573 3957 4341 4725 5109 5493 5877 6261 6645 7029 7413,True,3957,"{""accepted"": 19, ""model_disagreement"": 1}"
118,月已明花最發事悠悠無不合,12,118,502,1,5110,placeholder,502 886 1270 1654 2038 2422 2806 3190 3574 3958 4342 4726,True,886 3190 3958,"{""accepted"": 9, ""model_disagreement"": 3}"
119,朦朧秋月映朱門林外鳥聲遠寺僧自有貴人來接引何須巧語似流鶯,28,119,119,0,10871,placeholder,119 503 887 1271 1655 2039 2423 2807 3191 3575 3959 4343 4727 5111 5495 5879 6263 6647 7031 7415 7799 8183 8567 8951 9335 9719 10103 10487,True,503 3575,"{""accepted"": 26, ""model_disagreement"": 2}"
120,事末寬心不安疑慮久始安然,12,120,504,1,5112,placeholder,504 888 1272 1656 2040 2424 2808 3192 3576 3960 4344 4728,False,,"{""accepted"": 12}"
121,虚名虛位久沉沉禄馬當求未見真一片彩雲秋後至去年風物一時新,28,121,121,0,10873,placeholder,121 505 889 1273 1657 2041 2425 2809 3193 3577 3961 4345 4729 5113 5497 5881 6265 6649 7033 7417 7801 8185 8569 8953 9337 9721 10105 10489,True,121 2809 5497 5881 9721,"{""accepted"": 23, ""model_disagreement"": 5}"
122,止止止有終有始似月如花守成而已,15,122,506,1,6266,placeholder,506 890 1274 1658 2042 2426 2810 3194 3578 3962 4346 4730 5114 5498 5882,True,3194 3962 4730 5882,"{""accepted"": 11, ""model_disagreement"": 4}"
123,明月全圓顏色欣然風雲相送和合萬年,16,123,507,1,6651,placeholder,507 891 1275 1659 2043 2427 2811 3195 3579 3963 4347 4731 5115 5499 5883 6267,True,3195,"{""accepted"": 15, ""model_disagreement"": 1}"
124,寶鏡親照兩人心中結合同心,12,124,508,1,5116,placeholder,508 892 1276 1660 2044 2428 2812 3196 3580 3964 4348 4732,True,508,"{""accepted"": 11, ""low_confidence"": 1}"
125,居下不親上人心易散離事機終失一凡百盡成灰,20,125,509,1,8189,placeholder,509 893 1277 1661 2045 2429 2813 3197 3581 3965 4349 4733 5117 5501 5885 6269 6653 7037 7421 7805,True,5885 7421,"{""accepted"": 18, ""model_disagreement"": 2}"
126,元兀塵埃久待時幽窗寂静有誰知若逢青紫人相引財利功名自可,27,126,510,1,10878,placeholder,510 894 1278 1662 2046 2430 2814 3198 3582 3966 4350 4734 5118 5502 5886 6270 6654 7038 7422 7806 8190 8574 8958 9342 9726 10110 10494,True,510 3198 4350 6270 7038,"{""accepted"": 21, ""corrected"": 1, ""low_confidence"": 1, ""model_disagreement"": 4}"
127,虎伏在路途行人莫亂呼路旁須仔細災禍自然無,20,127,127,0,7807,placeholder,127 511 895 1279 1663 2047 2431 2815 3199 3583 3967 4351 4735 5119 5503 5887 6271 6655 7039 7423,True,5887 6271,"{""accepted"": 18, ""model_disagreement"": 2}"
128,和不和同不同翻雲覆雨几成空進退須防終少功,20,128,512,1,8192,placeholder,512 896 1280 1664 2048 2432 2816 3200 3584 3968 4352 4736 5120 5504 5888 6272 6656 7040 7424 7808,True,3200 4352,"{""accepted"": 18, ""model_disagreement"": 2}"
129,東邊事西邊成風物月華明高樓弄笛聲,16,129,129,0,6273,placeholder,129 513 897 1281 1665 2049 2433 2817 3201 3585 3969 4353 4737 5121 5505 5889,False,,"{""accepted"": 16}"
130,事團團物周旋一來一往平步青天,14,130,514,1,5890,placeholder,514 898 1282 1666 2050 2434 2818 3202 3586 3970 4354 4738 5122 5506,True,3586,"{""accepted"": 13, ""model_disagreement"": 1}"
131,漫水起風波平地生荆棘言語慮參商猶恐無端的,20,131,131,0,7811,placeholder,131 515 899 1283 1667 2051 2435 2819 3203 3587 3971 4355 4739 5123 5507 5891 6275 6659 7043 7427,True,2051 3203,"{""accepted"": 17, ""corrected"": 1, ""model_disagreement"": 2}"
132,秋月雲開後薰風雨過時若逢楚國舊知已等閒一薦不須疑,24,132,132,0,9348,placeholder,132 516 900 1284 1668 2052 2436 2820 3204 3588 3972 4356 4740 5124 5508 5892 6276 6660 7044 7428 7812 8196 8580 8964,True,4356 6276 7044 7428,"{""accepted"": 20, ""model_disagreement"": 4}"
133,心已定事何憂金鱗已上鈎功名一網收,16,133,517,1,6661,placeholder,517 901 1285 1669 2053 2437 2821 3205 3589 3973 4357 4741 5125 5509 5893 6277,True,901 3205 3589 4357 5509,"{""accepted"": 11, ""model_disagreement"": 5}"
134,意迷己不迷事寬心不寬要知端的信猶隔兩重山,20,134,134,0,7814,placeholder,134 518 902 1286 1670 2054 2438 2822 3206 3590 3974 4358 4742 5126 5510 5894 6278 6662 7046 7430,False,,"{""accepted"": 20}"
135,笑中生不足內外見愁哭雲散月光輝轉禍當成福,20,135,135,0,7815,placeholder,135 519 903 1287 1671 2055 2439 2823 3207 3591 3975 4359 4743 5127 5511 5895 6279 6663 7047 7431,True,6279,"{""accepted"": 19, ""model_disagreement"": 1}"
136,簷前鵲噪正翩翩憂慮全消喜自然一人進了一人退下梢還有,25,136,136,0,9736,placeholder,136 520 904 1288 1672 2056 2440 2824 3208 3592 3976 4360 4744 5128 5512 5896 6280 6664 7048 7432 7816 8200 8584 8968 9352,True,136 2056 2440,"{""accepted"": 22, ""model_disagreement"": 3}"
137,荆棘生平地風波起四方倚欄惆悵望無語對斜陽,20,137,137,0,7817,placeholder,137 521 905 1289 1673 2057 2441 2825 3209 3593 3977 4361 4745 5129 5513 5897 6281 6665 7049 7433,True,137 4361 4745,"{""accepted"": 17, ""model_disagreement"": 3}"
138,謀已定事何憂照月上重樓雲中客點頭,16,138,522,1,6666,placeholder,522 906 1290 1674 2058 2442 2826 3210 3594 3978 4362 4746 5130 5514 5898 6282,False,,"{""accepted"": 16}"
139,奇奇奇地利與天時燈花傳信後動靜總相宜,18,139,523,1,7435,placeholder,523 907 1291 1675 2059 2443 2827 3211 3595 3979 4363 4747 5131 5515 5899 6283 6667 7051,True,1291,"{""accepted"": 17, ""model_disagreement"": 1}"
140,遇不遇逢不逢月沈海底人在夢中,14,140,524,1,5900,placeholder,524 908 1292 1676 2060 2444 2828 3212 3596 3980 4364 4748 5132 5516,True,2444,"{""accepted"": 13, ""model_disagreement"": 1}"
141,暗中防霹靂猜慮渾無實轉眼黑雲收擁出扶桑日,20,141,525,1,8205,placeholder,525 909 1293 1677 2061 2445 2829 3213 3597 3981 4365 4749 5133 5517 5901 6285 6669 7053 7437 7821,True,7821,"{""accepted"": 19, ""model_disagreement"": 1}"
142,利在中邦出戰征一番獲醜在王庭鳳啣丹詔歸陽畔得享佳名四海榮,28,142,142,0,10894,placeholder,142 526 910 1294 1678 2062 2446 2830 3214 3598 3982 4366 4750 5134 5518 5902 6286 6670 7054 7438 7822 8206 8590 8974 9358 9742 10126 10510,True,2446 5902 6670,"{""accepted"": 25, ""model_disagreement"": 3}"
143,堪歎外邊憂更嗟門裡鬧意緒更牽缠心神亦顛到,20,143,527,1,8207,placeholder,527 911 1295 1679 2063 2447 2831 3215 3599 3983 4367 4751 5135 5519 5903 6287 6671 7055 7439 7823,True,911 2831 3599 5519 5903,"{""accepted"": 15, ""model_disagreement"": 5}"
144,一重水一重山風波道坦然壺中别有天,16,144,528,1,6672,placeholder,528 912 1296 1680 2064 2448 2832 3216 3600 3984 4368 4752 5136 5520 5904 6288,True,528 4368 5520,"{""accepted"": 13, ""model_disagreement"": 3}"
145,遇險不須憂風波何足忌若遇草頭人咫尺青雲路,20,145,145,0,7825,placeholder,145 529 913 1297 1681 2065 2449 2833 3217 3601 3985 4369 4753 5137 5521 5905 6289 6673 7057 7441,True,1681 3601 5905 7441,"{""accepted"": 16, ""model_disagreement"": 4}"
146,船棹中流急花開春又逢事寧心不静惹起許多疑,20,146,146,0,7826,placeholder,146 530 914 1298 1682 2066 2450 2834 3218 3602 3986 4370 4754 5138 5522 5906 6290 6674 7058 7442,True,530 3602 4754 5522 5906,"{""accepted"": 15, ""model_disagreement"": 5}"
147,可蓄可儲片玉寸珠停停穩穩前遇良圖,16,147,531,1,6675,placeholder,531 915 1299 1683 2067 2451 2835 3219 3603 3987 4371 4755 5139 5523 5907 6291,True,915 2451 2835 4371 6291,"{""accepted"": 11, ""model_disagreement"": 5}"
148,小子早趨庭青雲久問程貴人來助力花謝子還成O,21,148,148,0,8212,placeholder,148 532 916 1300 1684 2068 2452 2836 3220 3604 3988 4372 4756 5140 5524 5908 6292 6676 7060 7444 7828,True,1300 3988 6676,"{""accepted"": 18, ""model_disagreement"": 3}"
149,一心兩事一事兩心新花枯樹直待交春,16,149,533,1,6677,placeholder,533 917 1301 1685 2069 2453 2837 3221 3605 3989 4373 4757 5141 5525 5909 6293,True,2069 3221 4373,"{""accepted"": 13, ""model_disagreement"": 3}"
150,大事恐難圖殘花不再鮮,10,150,534,1,4374,placeholder,534 918 1302 1686 2070 2454 2838 3222 3606 3990,False,,"{""accepted"": 10}"
151,莫道事無訛其中進退多桂輪圆又缺光彩更楷磨,20,151,535,1,8215,placeholder,535 919 1303 1687 2071 2455 2839 3223 3607 3991 4375 4759 5143 5527 5911 6295 6679 7063 7447 7831,True,4375 5143,"{""accepted"": 18, ""model_disagreement"": 2}"
152,莫數事遲留休言不到頭長竿終入手一釣上金鈎,20,152,152,0,7832,placeholder,152 536 920 1304 1688 2072 2456 2840 3224 3608 3992 4376 4760 5144 5528 5912 6296 6680 7064 7448,True,5912 7448,"{""accepted"": 18, ""model_disagreement"": 2}"
153,事稱應有忌未為恐先躓欲往且遲遲還須借勢力,20,153,153,0,7833,placeholder,153 537 921 1305 1689 2073 2457 2841 3225 3609 3993 4377 4761 5145 5529 5913 6297 6681 7065 7449,True,1689 3609 4761,"{""accepted"": 17, ""model_disagreement"": 3}"
154,足不安輿不安兩兩事相得憂來却又歡,16,154,154,0,6298,placeholder,154 538 922 1306 1690 2074 2458 2842 3226 3610 3994 4378 4762 5146 5530 5914,True,5146,"{""accepted"": 15, ""model_disagreement"": 1}"
155,鼎折足車脱輻有貴人重整續,12,155,155,0,4763,placeholder,155 539 923 1307 1691 2075 2459 2843 3227 3611 3995 4379,True,1691,"{""accepted"": 11, ""model_disagreement"": 1}"
156,參詳言語波濤揚沸事久無傷時間不利,16,156,156,0,6300,placeholder,156 540 924 1308 1692 2076 2460 2844 3228 3612 3996 4380 4764 5148 5532 5916,True,156 3996,"{""accepted"": 14, ""low_confidence"": 1, ""model_disagreement"": 1}"
157,貴客自相親功名唾手成獲金須積德仰望太陽升,20,157,157,0,7837,placeholder,157 541 925 1309 1693 2077 2461 2845 3229 3613 3997 4381 4765 5149 5533 5917 6301 6685 7069 7453,True,157 2845 4381,"{""accepted"": 17, ""model_disagreement"": 3}"
158,平地起波瀾所求事日難笑談終有忌同心事覺歡,20,158,158,0,7838,placeholder,158 542 926 1310 1694 2078 2462 2846 3230 3614 3998 4382 4766 5150 5534 5918 6302 6686 7070 7454,True,1694 2462 6302,"{""accepted"": 17, ""low_confidence"": 1, ""model_disagreement"": 2}"
159,狂風吹起墨雲飛月在天心遮不得閒時無事暫相關到底依然無尅剝,28,159,159,0,10911,placeholder,159 543 927 1311 1695 2079 2463 2847 3231 3615 3999 4383 4767 5151 5535 5919 6303 6687 7071 7455 7839 8223 8607 8991 9375 9759 10143 10527,True,2079 3999 5535 7455 10143 10527,"{""accepted"": 22, ""low_confidence"": 1, ""model_disagreement"": 5}"
160,人倚樓許多愁澹然進步事始無憂,14,160,160,0,5536,placeholder,160 544 928 1312 1696 2080 2464 2848 3232 3616 4000 4384 4768 5152,False,,"{""accepted"": 14}"
161,一點着陽春枯枝朶朶新志專方遇合切忌二三心,20,161,161,0,7841,placeholder,161 545 929 1313 1697 2081 2465 2849 3233 3617 4001 4385 4769 5153 5537 5921 6305 6689 7073 7457,True,161 2081 6305,"{""accepted"": 15, ""corrected"": 2, ""model_disagreement"": 3}"
162,道路迢遥門庭閉塞霧擁去兮雲開見日,16,162,162,0,6306,placeholder,162 546 930 1314 1698 2082 2466 2850 3234 3618 4002 4386 4770 5154 5538 5922,True,930 1314 2466 4386 4770,"{""accepted"": 11, ""model_disagreement"": 5}"
163,魚上鈎絲綸弱收拾難力再着,12,163,163,0,4771,placeholder,163 547 931 1315 1699 2083 2467 2851 3235 3619 4003 4387,True,931,"{""accepted"": 11, ""model_disagreement"": 1}"
164,相引更相牽殷勤喜自然施為無不利愁事轉團圓,20,164,164,0,7844,placeholder,164 548 932 1316 1700 2084 2468 2852 3236 3620 4004 4388 4772 5156 5540 5924 6308 6692 7076 7460,True,7460,"{""accepted"": 19, ""model_disagreement"": 1}"
165,疑疑疑一番笑罷一番悲落紅满地無人掃獨對西風悵黛眉,24,165,165,0,9381,placeholder,165 549 933 1317 1701 2085 2469 2853 3237 3621 4005 4389 4773 5157 5541 5925 6309 6693 7077 7461 7845 8229 8613 8997,True,1317 4773,"{""accepted"": 22, ""model_disagreement"": 2}"
166,上下不和同勞而未有功出門通大道從此保初終,20,166,166,0,7846,placeholder,166 550 934 1318 1702 2086 2470 2854 3238 3622 4006 4390 4774 5158 5542 5926 6310 6694 7078 7462,False,,"{""accepted"": 20}"
167,大事可成功有益還無咎雲中執鞭人報在三秋後,20,167,167,0,7847,placeholder,167 551 935 1319 1703 2087 2471 2855 3239 3623 4007 4391 4775 5159 5543 5927 6311 6695 7079 7463,True,2471 4391 7079,"{""accepted"": 17, ""model_disagreement"": 3}"
168,桑榆催暮景缺月恐難圓若遇刀錐客方知喜自然,20,168,168,0,7848,placeholder,168 552 936 1320 1704 2088 2472 2856 3240 3624 4008 4392 4776 5160 5544 5928 6312 6696 7080 7464,True,552 1320 2856 4008,"{""accepted"": 16, ""model_disagreement"": 4}"
169,遍書前前事艱險往來難若得清風便扁舟過遠山,20,169,169,0,7849,placeholder,169 553 937 1321 1705 2089 2473 2857 3241 3625 4009 4393 4777 5161 5545 5929 6313 6697 7081 7465,True,5161 7465,"{""accepted"": 18, ""model_disagreement"": 2}"
170,莫歎残花花開枯樹屋頭春意喜笑嘻嘻,16,170,554,1,6698,placeholder,554 938 1322 1706 2090 2474 2858 3242 3626 4010 4394 4778 5162 5546 5930 6314,True,938 1322,"{""accepted"": 14, ""model_disagreement"": 2}"
171,一事總成空一事還成喜若遇口邊人心下堪憑委,20,171,171,0,7851,placeholder,171 555 939 1323 1707 2091 2475 2859 3243 3627 4011 4395 4779 5163 5547 5931 6315 6699 7083 7467,True,171 2091,"{""accepted"": 18, ""low_confidence"": 1, ""model_disagreement"": 1}"
172,欲得月中兎須憑桃李拂高山來接引雙喜照雙眉,20,172,172,0,7852,placeholder,172 556 940 1324 1708 2092 2476 2860 3244 3628 4012 4396 4780 5164 5548 5932 6316 6700 7084 7468,True,1708 4396,"{""accepted"": 18, ""model_disagreement"": 2}"
173,事遂勿憂煎春風喜自然更垂三尺鈎得意獲鳞鮮,20,173,557,1,8237,placeholder,557 941 1325 1709 2093 2477 2861 3245 3629 4013 4397 4781 5165 5549 5933 6317 6701 7085 7469 7853,True,941 5933 7469,"{""accepted"": 17, ""model_disagreement"": 3}"
174,圓又缺缺又圓低低密密要周旋時來始見緣,18,174,558,1,7470,placeholder,558 942 1326 1710 2094 2478 2862 3246 3630 4014 4398 4782 5166 5550 5934 6318 6702 7086,False,,"{""accepted"": 18}"
175,乘病馬上危坡防失跌見嗟跎,12,175,559,1,5167,placeholder,559 943 1327 1711 2095 2479 2863 3247 3631 4015 4399 4783,True,2479 4399 4783,"{""accepted"": 9, ""model_disagreement"": 3}"
176,雨事己和同輕舟遇便風道迷人得意歌唱急流中,20,176,176,0,7856,placeholder,176 560 944 1328 1712 2096 2480 2864 3248 3632 4016 4400 4784 5168 5552 5936 6320 6704 7088 7472,False,,"{""accepted"": 20}"
177,白玉蒙塵黃金埋土久久光輝也須人舉,16,177,177,0,6321,placeholder,177 561 945 1329 1713 2097 2481 2865 3249 3633 4017 4401 4785 5169 5553 5937,True,561 2481 2865,"{""accepted"": 12, ""corrected"": 1, ""model_disagreement"": 3}"
178,上接不穩下接不和相纏相擾年地風波,16,178,178,0,6322,placeholder,178 562 946 1330 1714 2098 2482 2866 3250 3634 4018 4402 4786 5170 5554 5938,True,1330 1714,"{""accepted"": 14, ""low_confidence"": 1, ""model_disagreement"": 1}"
179,背後笑喜嘻中行道最宜所求終有望不必皺雙眉,20,179,179,0,7859,placeholder,179 563 947 1331 1715 2099 2483 2867 3251 3635 4019 4403 4787 5171 5555 5939 6323 6707 7091 7475,True,2099,"{""accepted"": 19, ""model_disagreement"": 1}"
180,憔悴無人間林間聽杜鵑一聲山月笛千里淚涓涓,20,180,564,1,8244,placeholder,564 948 1332 1716 2100 2484 2868 3252 3636 4020 4404 4788 5172 5556 5940 6324 6708 7092 7476 7860,True,564 948 2100 3636 4404 6708 7092 7860,"{""accepted"": 12, ""model_disagreement"": 8}"
181,菱荷香裏受深恩桂魄圓時印綬新從此威名山岳重光輝直上位絲綸,28,181,565,1,11317,placeholder,565 949 1333 1717 2101 2485 2869 3253 3637 4021 4405 4789 5173 5557 5941 6325 6709 7093 7477 7861 8245 8629 9013 9397 9781 10165 10549 10933,True,1717 2101 5173,"{""accepted"": 25, ""model_disagreement"": 3}"
182,花落正逢春行人在半程事成還不就索絆兩三旬,20,182,566,1,8246,placeholder,566 950 1334 1718 2102 2486 2870 3254 3638 4022 4406 4790 5174 5558 5942 6326 6710 7094 7478 7862,True,1718 5174 6710,"{""accepted"": 17, ""model_disagreement"": 3}"
183,欲行還止徘徊不已動摇莫强得止且止,16,183,183,0,6327,placeholder,183 567 951 1335 1719 2103 2487 2871 3255 3639 4023 4407 4791 5175 5559 5943,True,1335 1719 2103 2871 3639 4407 5175 5943,"{""accepted"": 8, ""model_disagreement"": 8}"
184,心下事安然周旋尚未金逢龍還有吉人月永團圓,20,184,184,0,7864,placeholder,184 568 952 1336 1720 2104 2488 2872 3256 3640 4024 4408 4792 5176 5560 5944 6328 6712 7096 7480,True,1720 4024 7480,"{""accepted"": 17, ""low_confidence"": 1, ""model_disagreement"": 2}"
185,夢裏說關出波深下釣難利名終有望目下未開顏,20,185,185,0,7865,placeholder,185 569 953 1337 1721 2105 2489 2873 3257 3641 4025 4409 4793 5177 5561 5945 6329 6713 7097 7481,True,569 1721 5561 5945,"{""accepted"": 16, ""model_disagreement"": 4}"
186,三前開雲路營求指日成許多閑口語翻作笑歌聲,20,186,570,1,8250,placeholder,570 954 1338 1722 2106 2490 2874 3258 3642 4026 4410 4794 5178 5562 5946 6330 6714 7098 7482 7866,True,2490,"{""accepted"": 19, ""model_disagreement"": 1}"
187,休春戀誤前程終鬧亂出門庭,12,187,187,0,4795,placeholder,187 571 955 1339 1723 2107 2491 2875 3259 3643 4027 4411,True,4027,"{""accepted"": 11, ""model_disagreement"": 1}"
188,萬呈波濤静一天風月閒利名無阻隔行路出重闕,20,188,572,1,8252,placeholder,572 956 1340 1724 2108 2492 2876 3260 3644 4028 4412 4796 5180 5564 5948 6332 6716 7100 7484 7868,True,2108 7100 7868,"{""accepted"": 16, ""corrected"": 1, ""model_disagreement"": 3}"
189,渴望梅饑畫餅漫勞心如捉影遇虎龍方可省,18,189,189,0,7101,placeholder,189 573 957 1341 1725 2109 2493 2877 3261 3645 4029 4413 4797 5181 5565 5949 6333 6717,True,573 1341,"{""accepted"": 16, ""model_disagreement"": 2}"
190,事述心不迷事寬心不寬一場歡喜會不久出重關,20,190,574,1,8254,placeholder,574 958 1342 1726 2110 2494 2878 3262 3646 4030 4414 4798 5182 5566 5950 6334 6718 7102 7486 7870,True,958 4414 7102,"{""accepted"": 17, ""model_disagreement"": 3}"
191,夜半渡無船驚濤恐拍天月斜雲淡處音信有人傳,20,191,575,1,8255,placeholder,575 959 1343 1727 2111 2495 2879 3263 3647 4031 4415 4799 5183 5567 5951 6335 6719 7103 7487 7871,False,,"{""accepted"": 20}"
192,事若羈留人不出頭往來閉塞要見無有,16,192,192,0,6336,placeholder,192 576 960 1344 1728 2112 2496 2880 3264 3648 4032 4416 4800 5184 5568 5952,True,2496,"{""accepted"": 15, ""model_disagreement"": 1}"
193,萬里片帆轉波平浪不驚行行無阻滞遠處更通津,20,193,193,0,7873,placeholder,193 577 961 1345 1729 2113 2497 2881 3265 3649 4033 4417 4801 5185 5569 5953 6337 6721 7105 7489,True,577 961 2497 5569,"{""accepted"": 16, ""model_disagreement"": 4}"
194,身歷驚濤東風便好大平身退目下還早,16,194,578,1,6722,placeholder,578 962 1346 1730 2114 2498 2882 3266 3650 4034 4418 4802 5186 5570 5954 6338,True,5186,"{""accepted"": 15, ""model_disagreement"": 1}"
195,鶴自雲中出人從月下歸新歡盈臉上不用皺雙眉,20,195,195,0,7875,placeholder,195 579 963 1347 1731 2115 2499 2883 3267 3651 4035 4419 4803 5187 5571 5955 6339 6723 7107 7491,True,195 1731 2115 3267 7491,"{""accepted"": 15, ""low_confidence"": 1, ""model_disagreement"": 4}"
196,深潭魚可釣幽谷烏可羅只用久長心不用生疑惑,20,196,196,0,7876,placeholder,196 580 964 1348 1732 2116 2500 2884 3268 3652 4036 4420 4804 5188 5572 5956 6340 6724 7108 7492,True,4036 7492,"{""accepted"": 18, ""model_disagreement"": 2}"
197,進不安退不可上下相從明珠一顆,14,197,197,0,5573,placeholder,197 581 965 1349 1733 2117 2501 2885 3269 3653 4037 4421 4805 5189,False,,"{""accepted"": 14}"
198,着着占先機其中路不迷目前無合意乍免是和非,20,198,198,0,7878,placeholder,198 582 966 1350 1734 2118 2502 2886 3270 3654 4038 4422 4806 5190 5574 5958 6342 6726 7110 7494,True,4038,"{""accepted"": 19, ""model_disagreement"": 1}"
199,雀噪高枝上行人古渡頭半途不了事日暮轉生愁,20,199,583,1,8263,placeholder,583 967 1351 1735 2119 2503 2887 3271 3655 4039 4423 4807 5191 5575 5959 6343 6727 7111 7495 7879,True,583 967,"{""accepted"": 18, ""model_disagreement"": 2}"
200,鑿石得玉淘沙得珠眼前目下何用躊躇,16,200,584,1,6728,placeholder,584 968 1352 1736 2120 2504 2888 3272 3656 4040 4424 4808 5192 5576 5960 6344,True,4424 5960 6344,"{""accepted"": 13, ""model_disagreement"": 3}"
201,無端風雨催春去落盡枝頭桃李花桃畔有人歌且笑知君心事亂如麻,28,201,201,0,10953,placeholder,201 585 969 1353 1737 2121 2505 2889 3273 3657 4041 4425 4809 5193 5577 5961 6345 6729 7113 7497 7881 8265 8649 9033 9417 9801 10185 10569,True,10185,"{""accepted"": 27, ""model_disagreement"": 1}"
202,閬苑一時春庭前花柳新聲傳好信息草水盡欣欣,20,202,202,0,7882,placeholder,202 586 970 1354 1738 2122 2506 2890 3274 3658 4042 4426 4810 5194 5578 5962 6346 6730 7114 7498,True,202 970,"{""accepted"": 18, ""model_disagreement"": 2}"
203,門外事重叠陰人多遇合賢女雖助巧渺渺終難洽,20,203,203,0,7883,placeholder,203 587 971 1355 1739 2123 2507 2891 3275 3659 4043 4427 4811 5195 5579 5963 6347 6731 7115 7499,True,1739 3659,"{""accepted"": 18, ""model_disagreement"": 2}"
204,事有喜面有光終始好商量壺中日月長,16,204,204,0,6348,placeholder,204 588 972 1356 1740 2124 2508 2892 3276 3660 4044 4428 4812 5196 5580 5964,True,4428,"{""accepted"": 15, ""low_confidence"": 1}"
205,暗去有明來憂心事可諧終須成一笑目下莫疑猜,20,205,205,0,7885,placeholder,205 589 973 1357 1741 2125 2509 2893 3277 3661 4045 4429 4813 5197 5581 5965 6349 6733 7117 7501,True,5197 5965,"{""accepted"": 18, ""model_disagreement"": 2}"
206,寶鏡無塵染金貂已剪裁也逢天意合終不惹塵埃,20,206,206,0,7886,placeholder,206 590 974 1358 1742 2126 2510 2894 3278 3662 4046 4430 4814 5198 5582 5966 6350 6734 7118 7502,True,2894 4430 6734,"{""accepted"": 17, ""model_disagreement"": 3}"
207,和合事笑談成喜音在半程平步踏青雲,16,207,207,0,6351,placeholder,207 591 975 1359 1743 2127 2511 2895 3279 3663 4047 4431 4815 5199 5583 5967,True,4431,"{""accepted"": 15, ""model_disagreement"": 1}"
208,花殘月缺鏡破釵分休來休往事始安甯,16,208,208,0,6352,placeholder,208 592 976 1360 1744 2128 2512 2896 3280 3664 4048 4432 4816 5200 5584 5968,True,2512 5968,"{""accepted"": 14, ""model_disagreement"": 2}"
209,門外好音來生涯應有慶名利有更遷雁行終折陣,20,209,209,0,7889,placeholder,209 593 977 1361 1745 2129 2513 2897 3281 3665 4049 4433 4817 5201 5585 5969 6353 6737 7121 7505,True,3281,"{""accepted"": 19, ""model_disagreement"": 1}"
210,萬里好江山風沙盡日閒巳吞鈎上餌何必遇波瀾,20,210,210,0,7890,placeholder,210 594 978 1362 1746 2130 2514 2898 3282 3666 4050 4434 4818 5202 5586 5970 6354 6738 7122 7506,True,594 3666 4050 4818 7506,"{""accepted"": 15, ""low_confidence"": 1, ""model_disagreement"": 4}"
211,雙燕啣書舞指日一齊來寂寞淹留客從兹下釣臺,20,211,211,0,7891,placeholder,211 595 979 1363 1747 2131 2515 2899 3283 3667 4051 4435 4819 5203 5587 5971 6355 6739 7123 7507,True,979 2899 4435 6355 7507,"{""accepted"": 15, ""model_disagreement"": 5}"
212,望去幾重山高深漸可攀舉頭天上看明月出人間,20,212,212,0,7892,placeholder,212 596 980 1364 1748 2132 2516 2900 3284 3668 4052 4436 4820 5204 5588 5972 6356 6740 7124 7508,True,4052,"{""accepted"": 19, ""low_confidence"": 1}"
213,用之則行舍之則藏一騎出重門佳音咫尺問,18,213,213,0,7125,placeholder,213 597 981 1365 1749 2133 2517 2901 3285 3669 4053 4437 4821 5205 5589 5973 6357 6741,True,981 1749 4053 4821 5973 6357 6741,"{""accepted"": 11, ""model_disagreement"": 7}"
214,積德施功有子孫穀牛祭神及西鄰功名兩字成全日回首山河為物新,28,214,214,0,10966,placeholder,214 598 982 1366 1750 2134 2518 2902 3286 3670 4054 4438 4822 5206 5590 5974 6358 6742 7126 7510 7894 8278 8662 9046 9430 9814 10198 10582,True,2134 2902 6742 9046,"{""accepted"": 24, ""model_disagreement"": 4}"
215,安坦路平夷雲中一雁飛挑花逢驟兩水畔女頻啼,20,215,215,0,7895,placeholder,215 599 983 1367 1751 2135 2519 2903 3287 3671 4055 4439 4823 5207 5591 5975 6359 6743 7127 7511,True,4055 4823 5591,"{""accepted"": 17, ""model_disagreement"": 3}"
216,門內起干戈親仇兩不和朱衣臨日月始覺笑呵呵,20,216,216,0,7896,placeholder,216 600 984 1368 1752 2136 2520 2904 3288 3672 4056 4440 4824 5208 5592 5976 6360 6744 7128 7512,True,1368 5208 6360 7128 7512,"{""accepted"": 15, ""model_disagreement"": 5}"
217,有一人獲一鹿事團圓門外索,12,217,217,0,4825,placeholder,217 601 985 1369 1753 2137 2521 2905 3289 3673 4057 4441,True,601 1753,"{""accepted"": 10, ""model_disagreement"": 2}"
218,汝往無攸利花開又及秋嚴霜物薦至退步不存留,20,218,218,0,7898,placeholder,218 602 986 1370 1754 2138 2522 2906 3290 3674 4058 4442 4826 5210 5594 5978 6362 6746 7130 7514,False,,"{""accepted"": 20}"
219,新月為鈎清風作綠舉網烟波錦鮮易見,16,219,219,0,6363,placeholder,219 603 987 1371 1755 2139 2523 2907 3291 3675 4059 4443 4827 5211 5595 5979,True,1371 3291 4059,"{""accepted"": 13, ""low_confidence"": 1, ""model_disagreement"": 2}"
220,先關鎖讀提防小節不知戒因循成大殃,16,220,220,0,6364,placeholder,220 604 988 1372 1756 2140 2524 2908 3292 3676 4060 4444 4828 5212 5596 5980,True,5980,"{""accepted"": 15, ""model_disagreement"": 1}"
221,燕語鶯啼花開滿院倚欄春睡覺無語歛愁顏,18,221,221,0,7133,placeholder,221 605 989 1373 1757 2141 2525 2909 3293 3677 4061 4445 4829 5213 5597 5981 6365 6749,True,5981,"{""accepted"": 17, ""model_disagreement"": 1}"
222,勞心勞心勞心有成清風借力歡笑前程,16,222,222,0,6366,placeholder,222 606 990 1374 1758 2142 2526 2910 3294 3678 4062 4446 4830 5214 5598 5982,True,606,"{""accepted"": 15, ""model_disagreement"": 1}"
223,進步且徘徊春風柳絮吹水邊行客倦枕畔有愛懷,20,223,223,0,7903,placeholder,223 607 991 1375 1759 2143 2527 2911 3295 3679 4063 4447 4831 5215 5599 5983 6367 6751 7135 7519,True,991 1375 1759 5215 5599 6751,"{""accepted"": 14, ""model_disagreement"": 6}"
224,玉石猶終味那堪小悔多終無咎笑呵呵,16,224,224,0,6368,placeholder,224 608 992 1376 1760 2144 2528 2912 3296 3680 4064 4448 4832 5216 5600 5984,True,224,"{""accepted"": 15, ""model_disagreement"": 1}"
225,垂翼遥天去皆因避難行一途經濟意又是滿園春,20,225,225,0,7905,placeholder,225 609 993 1377 1761 2145 2529 2913 3297 3681 4065 4449 4833 5217 5601 5985 6369 6753 7137 7521,True,993,"{""accepted"": 19, ""model_disagreement"": 1}"
226,佳信至開笑顏飛騰一去披雲上天,14,226,226,0,5602,placeholder,226 610 994 1378 1762 2146 2530 2914 3298 3682 4066 4450 4834 5218,True,3298,"{""accepted"": 13, ""model_disagreement"": 1}"
227,青氈空守舊枝上巢生風莫為一時喜還疑此象凶,20,227,227,0,7907,placeholder,227 611 995 1379 1763 2147 2531 2915 3299 3683 4067 4451 4835 5219 5603 5987 6371 6755 7139 7523,True,5987 7523,"{""accepted"": 18, ""model_disagreement"": 2}"
228,莫言荆棘惡終為鸞鳳棲目前應有待何用早躊躇,20,228,228,0,7908,placeholder,228 612 996 1380 1764 2148 2532 2916 3300 3684 4068 4452 4836 5220 5604 5988 6372 6756 7140 7524,True,996 3684 4068 7140 7524,"{""accepted"": 15, ""model_disagreement"": 5}"
229,上下和憂愁決千嶂雲一輪月,12,229,229,0,4837,placeholder,229 613 997 1381 1765 2149 2533 2917 3301 3685 4069 4453,True,1381 2149 2917,"{""accepted"": 9, ""low_confidence"": 1, ""model_disagreement"": 2}"
230,玉出崑岡石舟離古渡灘行藏終有望用舍不為難,20,230,230,0,7910,placeholder,230 614 998 1382 1766 2150 2534 2918 3302 3686 4070 4454 4838 5222 5606 5990 6374 6758 7142 7526,True,230 998 1382 2150 5606 6374,"{""accepted"": 14, ""model_disagreement"": 6}"
231,目下意難舒有客來徐徐金車雖歷險吝必有終與,20,231,231,0,7911,placeholder,231 615 999 1383 1767 2151 2535 2919 3303 3687 4071 4455 4839 5223 5607 5991 6375 6759 7143 7527,True,231 2151 5607 5991,"{""accepted"": 16, ""model_disagreement"": 4}"
232,可以奇可以託事遲遲無舛錯,12,232,232,0,4840,placeholder,232 616 1000 1384 1768 2152 2536 2920 3304 3688 4072 4456,True,2152 4072,"{""accepted"": 10, ""model_disagreement"": 2}"
233,恐懼憂煎皆在目前若逢明鑑指破空傳,16,233,233,0,6377,placeholder,233 617 1001 1385 1769 2153 2537 2921 3305 3689 4073 4457 4841 5225 5609 5993,True,2537 3305 3689 4457 5609,"{""accepted"": 11, ""model_disagreement"": 5}"
234,月掩雲間昏迷道路雲散月明漸宜進步,16,234,234,0,6378,placeholder,234 618 1002 1386 1770 2154 2538 2922 3306 3690 4074 4458 4842 5226 5610 5994,True,618 1770 5610,"{""accepted"": 13, ""model_disagreement"": 3}"
235,道路在招呼風波一點無時乖心緒亂全仗貴人扶,20,235,235,0,7915,placeholder,235 619 1003 1387 1771 2155 2539 2923 3307 3691 4075 4459 4843 5227 5611 5995 6379 6763 7147 7531,True,4843 6379 7531,"{""accepted"": 17, ""model_disagreement"": 3}"
236,臨淵放鈎清絕點埃巨鰲隨得不用疑猜,16,236,236,0,6380,placeholder,236 620 1004 1388 1772 2156 2540 2924 3308 3692 4076 4460 4844 5228 5612 5996,True,1388,"{""accepted"": 15, ""model_disagreement"": 1}"
237,無中應有直心事還成戚雲散月重圆千里風帆急,20,237,237,0,7917,placeholder,237 621 1005 1389 1773 2157 2541 2925 3309 3693 4077 4461 4845 5229 5613 5997 6381 6765 7149 7533,True,621 5613 6381,"{""accepted"": 17, ""model_disagreement"": 3}"
238,造化生來信自然師征十里福綿綿功名得就神明助蛇兎相逢定變遷,28,238,238,0,10990,placeholder,238 622 1006 1390 1774 2158 2542 2926 3310 3694 4078 4462 4846 5230 5614 5998 6382 6766 7150 7534 7918 8302 8686 9070 9454 9838 10222 10606,True,3310 4078 8302 8686 9454,"{""accepted"": 23, ""model_disagreement"": 5}"
239,大仗神威羣魔消滅滅了又須威神威亦極力牢牢記取免致久後失跌,28,239,239,0,10991,placeholder,239 623 1007 1391 1775 2159 2543 2927 3311 3695 4079 4463 4847 5231 5615 5999 6383 6767 7151 7535 7919 8303 8687 9071 9455 9839 10223 10607,True,623 1775 7151,"{""accepted"": 25, ""model_disagreement"": 3}"
240,道必堅心堅心必道成建功勳旱回程造茅庵修真身一日飛升仙班列名,29,240,240,0,11376,placeholder,240 624 1008 1392 1776 2160 2544 2928 3312 3696 4080 4464 4848 5232 5616 6000 6384 6768 7152 7536 7920 8304 8688 9072 9456 9840 10224 10608 10992,True,4464 4848 8688 10224 10608,"{""accepted"": 24, ""model_disagreement"": 5}"
241,一念上天堂一念入地獄地獄天堂便分榮辱自立念頭要真不可隨人碌碌,30,241,241,0,11761,placeholder,241 625 1009 1393 1777 2161 2545 2929 3313 3697 4081 4465 4849 5233 5617 6001 6385 6769 7153 7537 7921 8305 8689 9073 9457 9841 10225 10609 10993 11377,True,241 625 2161 4465 6001,"{""accepted"": 25, ""model_disagreement"": 5}"
242,羊逸羣日對民逢牛口便咬人一個君一個臣君臣有些驚須仗真神拯救蒼生,31,242,242,0,12146,placeholder,242 626 1010 1394 1778 2162 2546 2930 3314 3698 4082 4466 4850 5234 5618 6002 6386 6770 7154 7538 7922 8306 8690 9074 9458 9842 10226 10610 10994 11378 11762,True,1010 2546 9458 10610,"{""accepted"": 27, ""model_disagreement"": 4}"
243,若是有緣人一指便回首執迷不悟者屡引也不走,20,243,243,0,7923,placeholder,243 627 1011 1395 1779 2163 2547 2931 3315 3699 4083 4467 4851 5235 5619 6003 6387 6771 7155 7539,True,1011 3315 6003,"{""accepted"": 16, ""corrected"": 1, ""model_disagreement"": 3}"
244,月兒升東清光可挹萬里無雲海天一碧,16,244,628,1,6772,placeholder,628 1012 1396 1780 2164 2548 2932 3316 3700 4084 4468 4852 5236 5620 6004 6388,True,4084,"{""accepted"": 15, ""model_disagreement"": 1}"
245,男兒若得封侯印不負人間走一邊功成身退煙霞嘯傲脱却紫羅袍方是男兒道,32,245,245,0,12533,placeholder,245 629 1013 1397 1781 2165 2549 2933 3317 3701 4085 4469 4853 5237 5621 6005 6389 6773 7157 7541 7925 8309 8693 9077 9461 9845 10229 10613 10997 11381 11765 12149,True,1013 1781 3317 4853 5621 7157 8693 9077 9461 11765,"{""accepted"": 22, ""model_disagreement"": 10}"
246,心月狐狸迷惑世人世人不察延久傾身,16,246,246,0,6390,placeholder,246 630 1014 1398 1782 2166 2550 2934 3318 3702 4086 4470 4854 5238 5622 6006,True,2166,"{""accepted"": 15, ""model_disagreement"": 1}"
247,驀地狂風起大樹盡掀揚枝葉未凋零培埴終無恙,20,247,247,0,7927,placeholder,247 631 1015 1399 1783 2167 2551 2935 3319 3703 4087 4471 4855 5239 5623 6007 6391 6775 7159 7543,True,247 2551 6391,"{""accepted"": 17, ""low_confidence"": 1, ""model_disagreement"": 2}"
248,虚日旺相法要推尋四圍旋繞對敵冲營,16,248,632,1,6776,placeholder,632 1016 1400 1784 2168 2552 2936 3320 3704 4088 4472 4856 5240 5624 6008 6392,True,632 1016 5624 6008 6392,"{""accepted"": 11, ""model_disagreement"": 5}"
249,榮枯早定莫嗟傷辛苦他邦安享家鄉為他人作嫁衣裳今日君嘗他年改調别人嘗,33,249,249,0,,dictionary_end,249 633 1017 1401 1785 2169 2553 2937 3321 3705 4089 4473 4857 5241 5625 6009 6393 6777 7161 7545 7929 8313 8697 9081 9465 9849 10233 10617 11001 11385 11769 12153 12537,True,2169 3321 5625 9081 11769,"{""accepted"": 28, ""model_disagreement"": 5}"
250,女兒大喜臨門嫁良人添子孫同拜受感皇恩,18,250,250,0,7162,placeholder,250 634 1018 1402 1786 2170 2554 2938 3322 3706 4090 4474 4858 5242 5626 6010 6394 6778,True,5626,"{""accepted"": 17, ""model_disagreement"": 1}"
251,木生火口不噤瘋癫作症寒熱相侵,14,251,635,1,6011,placeholder,635 1019 1403 1787 2171 2555 2939 3323 3707 4091 4475 4859 5243 5627,True,2555 3323 4091,"{""accepted"": 11, ""model_disagreement"": 3}"
252,休休休過了三年又六週不猛省禍到頭,16,252,252,0,6396,placeholder,252 636 1020 1404 1788 2172 2556 2940 3324 3708 4092 4476 4860 5244 5628 6012,True,636 1020 3708 5244,"{""accepted"": 12, ""model_disagreement"": 4}"
253,檻欄起火孽畜遭殃預防得力滅火成康,16,253,253,0,6397,placeholder,253 637 1021 1405 1789 2173 2557 2941 3325 3709 4093 4477 4861 5245 5629 6013,True,253,"{""accepted"": 15, ""model_disagreement"": 1}"
254,已遂心頭願始知忘氣伸三山須把握頻頻定太平,20,254,254,0,7934,placeholder,254 638 1022 1406 1790 2174 2558 2942 3326 3710 4094 4478 4862 5246 5630 6014 6398 6782 7166 7550,True,638 2942 4478,"{""accepted"": 17, ""low_confidence"": 1, ""model_disagreement"": 2}"
255,福星照映桂子香聞滿天星斗光耀逼人,16,255,639,1,6783,placeholder,639 1023 1407 1791 2175 2559 2943 3327 3711 4095 4479 4863 5247 5631 6015 6399,True,2559 3327 3711 4863,"{""accepted"": 12, ""low_confidence"": 1, ""model_disagreement"": 3}"
256,東南地將來自故墟燕薊地蒼生無存濟若要大奮雄心水源不知何處,28,256,256,0,11008,placeholder,256 640 1024 1408 1792 2176 2560 2944 3328 3712 4096 4480 4864 5248 5632 6016 6400 6784 7168 7552 7936 8320 8704 9088 9472 9856 10240 10624,True,3712 5248,"{""accepted"": 26, ""model_disagreement"": 2}"
257,死有日生有時何事慢躊躇飄然一往心上無疑,19,257,641,1,7937,placeholder,641 1025 1409 1793 2177 2561 2945 3329 3713 4097 4481 4865 5249 5633 6017 6401 6785 7169 7553,True,4097 4481 5633,"{""accepted"": 16, ""model_disagreement"": 3}"
258,往來行僻處猝然着一驚豺狼若當道斬滅方稱心,20,258,258,0,7938,placeholder,258 642 1026 1410 1794 2178 2562 2946 3330 3714 4098 4482 4866 5250 5634 6018 6402 6786 7170 7554,True,642 4098,"{""accepted"": 18, ""model_disagreement"": 2}"
259,八門分八位九星布九方青赤黃白黑五色卷錦装交鋒對壘兩兩相當,28,259,259,0,11011,placeholder,259 643 1027 1411 1795 2179 2563 2947 3331 3715 4099 4483 4867 5251 5635 6019 6403 6787 7171 7555 7939 8323 8707 9091 9475 9859 10243 10627,True,1411 5251 6787 7555 9091,"{""accepted"": 23, ""model_disagreement"": 5}"
260,終身不習上在世却枉然輪廻不能永落深坑塹,19,260,260,0,7556,placeholder,260 644 1028 1412 1796 2180 2564 2948 3332 3716 4100 4484 4868 5252 5636 6020 6404 6788 7172,True,2948 3332 4484 5252,"{""accepted"": 15, ""model_disagreement"": 4}"
261,兩個子女同到齊行陰陽和合謀作歡欣,16,261,645,1,6789,placeholder,645 1029 1413 1797 2181 2565 2949 3333 3717 4101 4485 4869 5253 5637 6021 6405,False,,"{""accepted"": 16}"
262,中有玄機賦雞鳴方顯露猛然悟禪關打破君門路,20,262,646,1,8326,placeholder,646 1030 1414 1798 2182 2566 2950 3334 3718 4102 4486 4870 5254 5638 6022 6406 6790 7174 7558 7942,True,2566 2950,"{""accepted"": 18, ""model_disagreement"": 2}"
263,數尾金魚吞餌絲竿釣了回頭家食翻嫌太費五湖四海遨遊,24,263,263,0,9479,placeholder,263 647 1031 1415 1799 2183 2567 2951 3335 3719 4103 4487 4871 5255 5639 6023 6407 6791 7175 7559 7943 8327 8711 9095,True,8711 9095,"{""accepted"": 22, ""model_disagreement"": 2}"
264,卯日兒出林午時正福臨卯生於寅方見天心,18,264,264,0,7176,placeholder,264 648 1032 1416 1800 2184 2568 2952 3336 3720 4104 4488 4872 5256 5640 6024 6408 6792,True,4872,"{""accepted"": 17, ""model_disagreement"": 1}"
265,日中不決日到方明一場好事六耳同成,16,265,649,1,6793,placeholder,649 1033 1417 1801 2185 2569 2953 3337 3721 4105 4489 4873 5257 5641 6025 6409,True,1801 3721 5257,"{""accepted"": 13, ""low_confidence"": 1, ""model_disagreement"": 2}"
266,孤宿是妖星猿猴及樹精入山遇此曜迷了性和心,20,266,266,0,7946,placeholder,266 650 1034 1418 1802 2186 2570 2954 3338 3722 4106 4490 4874 5258 5642 6026 6410 6794 7178 7562,True,4490,"{""accepted"": 19, ""model_disagreement"": 1}"
267,滴漏聲催鷄唱趱行人逐隊放晚渡關津前程無量,20,267,267,0,7947,placeholder,267 651 1035 1419 1803 2187 2571 2955 3339 3723 4107 4491 4875 5259 5643 6027 6411 6795 7179 7563,True,1803,"{""accepted"": 18, ""corrected"": 1, ""model_disagreement"": 1}"
268,人在天涯外久乏信音來家人频望眼草木暢胸懷,20,268,268,0,7948,placeholder,268 652 1036 1420 1804 2188 2572 2956 3340 3724 4108 4492 4876 5260 5644 6028 6412 6796 7180 7564,True,2572 3724 4876 5260 6028 7180,"{""accepted"": 14, ""low_confidence"": 1, ""model_disagreement"": 5}"
269,這顆樹下一穴生成若遷此上福禄駢臻,16,269,653,1,6797,placeholder,653 1037 1421 1805 2189 2573 2957 3341 3725 4109 4493 4877 5261 5645 6029 6413,True,2573 4109 5645 6029,"{""accepted"": 12, ""model_disagreement"": 4}"
270,躬耕隴畝形神似勞無拘無繫其樂陶陶,16,270,270,0,6414,placeholder,270 654 1038 1422 1806 2190 2574 2958 3342 3726 4110 4494 4878 5262 5646 6030,True,1422 3726 4494,"{""accepted"": 13, ""model_disagreement"": 3}"
271,禍來見鬼鬼病淹纏金羊得路身脱災殃,16,271,271,0,6415,placeholder,271 655 1039 1423 1807 2191 2575 2959 3343 3727 4111 4495 4879 5263 5647 6031,True,271 655 2959 5263 6031,"{""accepted"": 11, ""low_confidence"": 1, ""model_disagreement"": 4}"
272,急起行急起行前途去結同盟隻手擎天柱史册好標名,22,272,656,1,9104,placeholder,656 1040 1424 1808 2192 2576 2960 3344 3728 4112 4496 4880 5264 5648 6032 6416 6800 7184 7568 7952 8336 8720,True,5264 6032 6800 7568,"{""accepted"": 18, ""model_disagreement"": 4}"
273,深山據猛虎虎嘯出山窩揚威抖搜何怕人多,18,273,657,1,7569,placeholder,657 1041 1425 1809 2193 2577 2961 3345 3729 4113 4497 4881 5265 5649 6033 6417 6801 7185,True,1041 3345 5265 6801,"{""accepted"": 14, ""model_disagreement"": 4}"
274,三天門四地户布障成明聚路軍馬齊奔鳴鼓進步,20,274,274,0,7954,placeholder,274 658 1042 1426 1810 2194 2578 2962 3346 3730 4114 4498 4882 5266 5650 6034 6418 6802 7186 7570,True,2194,"{""accepted"": 19, ""model_disagreement"": 1}"
275,山山小山上建茅菴不比人間棟宇却如天上雲曇,20,275,659,1,8339,placeholder,659 1043 1427 1811 2195 2579 2963 3347 3731 4115 4499 4883 5267 5651 6035 6419 6803 7187 7571 7955,True,1043 3347 3731 4115 4883 6035,"{""accepted"": 14, ""model_disagreement"": 6}"
276,來去原無定處時來時去安身跋涉無虞榮辱不計,20,276,276,0,7956,placeholder,276 660 1044 1428 1812 2196 2580 2964 3348 3732 4116 4500 4884 5268 5652 6036 6420 6804 7188 7572,True,4884,"{""accepted"": 19, ""model_disagreement"": 1}"
277,有子長成水扁時遇大反發福不必過憂前人心苦不足,22,277,277,0,8725,placeholder,277 661 1045 1429 1813 2197 2581 2965 3349 3733 4117 4501 4885 5269 5653 6037 6421 6805 7189 7573 7957 8341,True,661 3349 5269 6037 7573,"{""accepted"": 17, ""model_disagreement"": 5}"
278,黑夜裡勿前往一有值要着慌牢牢記須結黨,18,278,278,0,7190,placeholder,278 662 1046 1430 1814 2198 2582 2966 3350 3734 4118 4502 4886 5270 5654 6038 6422 6806,True,1046 5270 6806,"{""accepted"": 15, ""model_disagreement"": 3}"
279,蛰龍已出世頭角首生成雲興雨澤得濟蒼生,18,279,279,0,7191,placeholder,279 663 1047 1431 1815 2199 2583 2967 3351 3735 4119 4503 4887 5271 5655 6039 6423 6807,True,279 1047 4503,"{""accepted"": 15, ""model_disagreement"": 3}"
280,火勢薰天天邊盡赤遇際水源庶有底極,16,280,280,0,6424,placeholder,280 664 1048 1432 1816 2200 2584 2968 3352 3736 4120 4504 4888 5272 5656 6040,False,,"{""accepted"": 16}"
281,向南有大道乘馬入杭城不和吳人唱更有一知音,20,281,281,0,7961,placeholder,281 665 1049 1433 1817 2201 2585 2969 3353 3737 4121 4505 4889 5273 5657 6041 6425 6809 7193 7577,True,4889,"{""accepted"": 18, ""corrected"": 1, ""low_confidence"": 1}"
282,有田一畝儘可耕耘無窮收獲都在西成,16,282,282,0,6426,placeholder,282 666 1050 1434 1818 2202 2586 2970 3354 3738 4122 4506 4890 5274 5658 6042,True,1050 1434 1818,"{""accepted"": 13, ""low_confidence"": 1, ""model_disagreement"": 2}"
283,勿嫌兒無唇疾足追不及納入猨穴中走狗何處覓,20,283,283,0,7963,placeholder,283 667 1051 1435 1819 2203 2587 2971 3355 3739 4123 4507 4891 5275 5659 6043 6427 6811 7195 7579,True,1051 4123 6811,"{""accepted"": 16, ""corrected"": 1, ""model_disagreement"": 3}"
284,六牛耕地墾開無疆收成結實盈廪盈倉,16,284,284,0,6428,placeholder,284 668 1052 1436 1820 2204 2588 2972 3356 3740 4124 4508 4892 5276 5660 6044,True,5276 5660,"{""accepted"": 14, ""model_disagreement"": 2}"
285,大奮冲天志勿苦戀家鄉七八君行早揚武在沙場,20,285,285,0,7965,placeholder,285 669 1053 1437 1821 2205 2589 2973 3357 3741 4125 4509 4893 5277 5661 6045 6429 6813 7197 7581,True,1053 2589 5661,"{""accepted"": 17, ""model_disagreement"": 3}"
286,葵花向日忠赤傾心大開廣廈樂享太平,16,286,286,0,6430,placeholder,286 670 1054 1438 1822 2206 2590 2974 3358 3742 4126 4510 4894 5278 5662 6046,True,4510,"{""accepted"": 15, ""low_confidence"": 1}"
287,人不識仙那有真訣一入玄門津津有益,16,287,287,0,6431,placeholder,287 671 1055 1439 1823 2207 2591 2975 3359 3743 4127 4511 4895 5279 5663 6047,True,3359,"{""accepted"": 14, ""corrected"": 1, ""model_disagreement"": 1}"
288,勿謂説話太沈泥了就不成真悟出千般奥妙方識仙道最神,24,288,288,0,9504,placeholder,288 672 1056 1440 1824 2208 2592 2976 3360 3744 4128 4512 4896 5280 5664 6048 6432 6816 7200 7584 7968 8352 8736 9120,True,672 1056 2976 5280 6432,"{""accepted"": 19, ""model_disagreement"": 5}"
289,功名雖多實際何如修煉成真真身不朽萬載長春,20,289,289,0,7969,placeholder,289 673 1057 1441 1825 2209 2593 2977 3361 3745 4129 4513 4897 5281 5665 6049 6433 6817 7201 7585,True,2593 6049,"{""accepted"": 18, ""model_disagreement"": 2}"
290,走走走遇一狗急思尋可長久,12,290,290,0,4898,placeholder,290 674 1058 1442 1826 2210 2594 2978 3362 3746 4130 4514,True,3362,"{""accepted"": 11, ""low_confidence"": 1}"
291,不知真消息消息驀地來月圓月缺夜不許把門開,20,291,291,0,7971,placeholder,291 675 1059 1443 1827 2211 2595 2979 3363 3747 4131 4515 4899 5283 5667 6051 6435 6819 7203 7587,True,2979 6051,"{""accepted"": 18, ""low_confidence"": 1, ""model_disagreement"": 1}"
292,火旺處要不疲水深處要不呆到頭當酌量毋得惹他災,22,292,292,0,8740,placeholder,292 676 1060 1444 1828 2212 2596 2980 3364 3748 4132 4516 4900 5284 5668 6052 6436 6820 7204 7588 7972 8356,True,1444 4516 6052 6820 7588,"{""accepted"": 17, ""model_disagreement"": 5}"
293,賓雁遶湖地成陸行建功勳早回程,14,293,293,0,5669,placeholder,293 677 1061 1445 1829 2213 2597 2981 3365 3749 4133 4517 4901 5285,True,1061 4133 4901,"{""accepted"": 11, ""model_disagreement"": 3}"
294,天上風天邊日月白風清兩兩相當,14,294,678,1,6054,placeholder,678 1062 1446 1830 2214 2598 2982 3366 3750 4134 4518 4902 5286 5670,True,5286 5670,"{""accepted"": 12, ""model_disagreement"": 2}"
295,葉歸根長立天地水清源長流河海人得金丹長生淵涯,22,295,679,1,9127,placeholder,679 1063 1447 1831 2215 2599 2983 3367 3751 4135 4519 4903 5287 5671 6055 6439 6823 7207 7591 7975 8359 8743,False,,"{""accepted"": 22}"
296,乘馬去長安看花花正發一日雨來淋香色盡凋零,20,296,296,0,7976,placeholder,296 680 1064 1448 1832 2216 2600 2984 3368 3752 4136 4520 4904 5288 5672 6056 6440 6824 7208 7592,True,4520,"{""accepted"": 19, ""model_disagreement"": 1}"
297,木長春天根幹老子實三秋枝葉凋不凋不謝不見根牢,22,297,297,0,8745,placeholder,297 681 1065 1449 1833 2217 2601 2985 3369 3753 4137 4521 4905 5289 5673 6057 6441 6825 7209 7593 7977 8361,True,2217 8361,"{""accepted"": 20, ""model_disagreement"": 2}"
298,叫道叫道天將明了何不伸首舒眉反做蓬蒿到老,20,298,682,1,8362,placeholder,682 1066 1450 1834 2218 2602 2986 3370 3754 4138 4522 4906 5290 5674 6058 6442 6826 7210 7594 7978,True,1450 6826 7210,"{""accepted"": 17, ""model_disagreement"": 3}"
299,藥餌真服了甯三劑後足分明神中神清中清固得緊可長生,24,299,299,0,9515,placeholder,299 683 1067 1451 1835 2219 2603 2987 3371 3755 4139 4523 4907 5291 5675 6059 6443 6827 7211 7595 7979 8363 8747 9131,True,1835 2219 7211,"{""accepted"": 21, ""low_confidence"": 1, ""model_disagreement"": 2}"
300,三天曾結社四海盡知名長騎駿馬直入天庭,18,300,300,0,7212,placeholder,300 684 1068 1452 1836 2220 2604 2988 3372 3756 4140 4524 4908 5292 5676 6060 6444 6828,True,1452 2988,"{""accepted"": 16, ""model_disagreement"": 2}"
301,閑來夫子處偶然過一人重顏鶴髮笑裏生春,18,301,301,0,7213,placeholder,301 685 1069 1453 1837 2221 2605 2989 3373 3757 4141 4525 4909 5293 5677 6061 6445 6829,True,1453 2605 4141 5293 6061,"{""accepted"": 13, ""model_disagreement"": 5}"
302,閒雲野鶴望東行惟有鄉人便是知音經營佈置兩三春聯街燈火後錦片前程,31,302,302,0,12206,placeholder,302 686 1070 1454 1838 2222 2606 2990 3374 3758 4142 4526 4910 5294 5678 6062 6446 6830 7214 7598 7982 8366 8750 9134 9518 9902 10286 10670 11054 11438 11822,True,302 1838 5294 6830,"{""accepted"": 27, ""model_disagreement"": 4}"
303,漢水無情蜀水澄清黃河滾滾四處烟塵,16,303,687,1,6831,placeholder,687 1071 1455 1839 2223 2607 2991 3375 3759 4143 4527 4911 5295 5679 6063 6447,True,4911 6063,"{""accepted"": 14, ""low_confidence"": 1, ""model_disagreement"": 1}"
304,潛龍已受困尚不見雲興竚看雲四合飛去到天庭,20,304,304,0,7984,placeholder,304 688 1072 1456 1840 2224 2608 2992 3376 3760 4144 4528 4912 5296 5680 6064 6448 6832 7216 7600,True,304 1840 3760 5680,"{""accepted"": 15, ""corrected"": 1, ""model_disagreement"": 4}"
305,此處滋味濃濃豔不耐久何如談笑生風倒好柬奔西走,22,305,689,1,9137,placeholder,689 1073 1457 1841 2225 2609 2993 3377 3761 4145 4529 4913 5297 5681 6065 6449 6833 7217 7601 7985 8369 8753,True,2993 3761 7601,"{""accepted"": 19, ""model_disagreement"": 3}"
306,這裏有小人切莫稍留停忙打點好起行日月游勿久存,22,306,306,0,8754,placeholder,306 690 1074 1458 1842 2226 2610 2994 3378 3762 4146 4530 4914 5298 5682 6066 6450 6834 7218 7602 7986 8370,True,690 2994,"{""accepted"": 20, ""model_disagreement"": 2}"
307,龍生頭角將沛甘霖六七八早好濟蒼生,16,307,307,0,6451,placeholder,307 691 1075 1459 1843 2227 2611 2995 3379 3763 4147 4531 4915 5299 5683 6067,True,2611 5683,"{""accepted"": 14, ""model_disagreement"": 2}"
308,太白現西南龍蛇相競逐龍自飛上天蛇却被刑戮,20,308,308,0,7988,placeholder,308 692 1076 1460 1844 2228 2612 2996 3380 3764 4148 4532 4916 5300 5684 6068 6452 6836 7220 7604,True,6452,"{""accepted"": 19, ""model_disagreement"": 1}"
309,曾把樹栽也要待春來東風嫋嫋開遍花街,17,309,309,0,6837,placeholder,309 693 1077 1461 1845 2229 2613 2997 3381 3765 4149 4533 4917 5301 5685 6069 6453,True,1461 4533 4917,"{""accepted"": 14, ""model_disagreement"": 3}"
310,四十餘年苦已深而今女樂度光陰莫籌論恩愛尚多歡喜事惜甚青春不減青春,32,310,694,1,,dictionary_end,694 1078 1462 1846 2230 2614 2998 3382 3766 4150 4534 4918 5302 5686 6070 6454 6838 7222 7606 7990 8374 8758 9142 9526 9910 10294 10678 11062 11446 11830 12214 12598,True,2230 2614 3766 4150 9910 11830,"{""accepted"": 26, ""model_disagreement"": 6}"
311,三冬足文藝精到頭處亦成氷急急回首勿誤前程,20,311,311,0,7991,placeholder,311 695 1079 1463 1847 2231 2615 2999 3383 3767 4151 4535 4919 5303 5687 6071 6455 6839 7223 7607,True,4535,"{""accepted"": 19, ""model_disagreement"": 1}"
312,奇怪奇怪前番來了今番又來謹慎提防勿被弄懷,20,312,696,1,8376,placeholder,696 1080 1464 1848 2232 2616 3000 3384 3768 4152 4536 4920 5304 5688 6072 6456 6840 7224 7608 7992,True,3768 4920,"{""accepted"": 18, ""low_confidence"": 1, ""model_disagreement"": 1}"
313,耕牛伏軌闢土開疆坐看收獲黍稷稻梁,16,313,313,0,6457,placeholder,313 697 1081 1465 1849 2233 2617 3001 3385 3769 4153 4537 4921 5305 5689 6073,True,1849 2233 4921,"{""accepted"": 13, ""model_disagreement"": 3}"
314,腰下佩青萍步入金鑾殿覆護三山千錘百鍊,18,314,314,0,7226,placeholder,314 698 1082 1466 1850 2234 2618 3002 3386 3770 4154 4538 4922 5306 5690 6074 6458 6842,True,5690 6074 6842,"{""accepted"": 15, ""model_disagreement"": 3}"
315,雛鳥會飛高出谷遷喬蛟龍神牙爪變化海島,18,315,315,0,7227,placeholder,315 699 1083 1467 1851 2235 2619 3003 3387 3771 4155 4539 4923 5307 5691 6075 6459 6843,True,699 2235 3003 3771 6843,"{""accepted"": 13, ""model_disagreement"": 5}"
316,吉吉吉尋常一樣窗前月凶凶凶有了梅花便不同含笑何東風人情不比舊時濃,32,316,700,1,,dictionary_end,700 1084 1468 1852 2236 2620 3004 3388 3772 4156 4540 4924 5308 5692 6076 6460 6844 7228 7612 7996 8380 8764 9148 9532 9916 10300 10684 11068 11452 11836 12220 12604,True,4540 4924 6076 11068 11452,"{""accepted"": 27, ""model_disagreement"": 5}"
317,火天炎災宜水相濟寶鼎丹成掀天揭地,16,317,317,0,6461,placeholder,317 701 1085 1469 1853 2237 2621 3005 3389 3773 4157 4541 4925 5309 5693 6077,True,701 1085 1469 3389 4541 4925,"{""accepted"": 10, ""low_confidence"": 1, ""model_disagreement"": 5}"
318,鐵索一條未把孤舟繫金刀一下早把頭落地,18,318,318,0,7230,placeholder,318 702 1086 1470 1854 2238 2622 3006 3390 3774 4158 4542 4926 5310 5694 6078 6462 6846,True,3006 3390 4542,"{""accepted"": 15, ""model_disagreement"": 3}"
319,十二時中緊急煉着一刻少延無處下脚,16,319,319,0,6463,placeholder,319 703 1087 1471 1855 2239 2623 3007 3391 3775 4159 4543 4927 5311 5695 6079,True,703 4159 5695 6079,"{""accepted"": 12, ""model_disagreement"": 4}"
320,風起西南紅日當天奇門妙訣一掌能看,16,320,320,0,6464,placeholder,320 704 1088 1472 1856 2240 2624 3008 3392 3776 4160 4544 4928 5312 5696 6080,True,2240 4928,"{""accepted"": 14, ""model_disagreement"": 2}"
321,萬籟無聲際一月正當空勿被雲遮掩皓魄反朦朧,20,321,321,0,8001,placeholder,321 705 1089 1473 1857 2241 2625 3009 3393 3777 4161 4545 4929 5313 5697 6081 6465 6849 7233 7617,True,2241 6081 6465 7617,"{""accepted"": 16, ""model_disagreement"": 4}"
322,一個知音却在天邊等切勿因循靜夜當思省,18,322,706,1,7618,placeholder,706 1090 1474 1858 2242 2626 3010 3394 3778 4162 4546 4930 5314 5698 6082 6466 6850 7234,True,706 2242,"{""accepted"": 16, ""model_disagreement"": 2}"
323,衆犬相聚礪齒咬牙摇頭擺尾只顧看家,16,323,323,0,6467,placeholder,323 707 1091 1475 1859 2243 2627 3011 3395 3779 4163 4547 4931 5315 5699 6083,True,323 2627 3395 4931,"{""accepted"": 12, ""model_disagreement"": 4}"
324,妻前夫後一同行好比先機兆已明君若有情須切記十年恩義莫忘心,28,324,324,0,11076,placeholder,324 708 1092 1476 1860 2244 2628 3012 3396 3780 4164 4548 4932 5316 5700 6084 6468 6852 7236 7620 8004 8388 8772 9156 9540 9924 10308 10692,True,10692,"{""accepted"": 27, ""model_disagreement"": 1}"
325,鼠伏穴本自甯一露首猫卽跟伸威揚爪鼠喪殘生,20,325,709,1,8389,placeholder,709 1093 1477 1861 2245 2629 3013 3397 3781 4165 4549 4933 5317 5701 6085 6469 6853 7237 7621 8005,True,2629 4165 4549 7621,"{""accepted"": 16, ""low_confidence"": 1, ""model_disagreement"": 3}"
326,書中有女顏如玉書中自有黃金屋讀盡五車書志願自能足何必焦勞心中忙碌,32,326,710,1,,dictionary_end,710 1094 1478 1862 2246 2630 3014 3398 3782 4166 4550 4934 5318 5702 6086 6470 6854 7238 7622 8006 8390 8774 9158 9542 9926 10310 10694 11078 11462 11846 12230 12614,True,3014 12230,"{""accepted"": 30, ""model_disagreement"": 2}"
327,豹變成文采乘龍福自臻赤身成富貴事事可兮斷,20,327,327,0,8007,placeholder,327 711 1095 1479 1863 2247 2631 3015 3399 3783 4167 4551 4935 5319 5703 6087 6471 6855 7239 7623,True,1863,"{""accepted"": 19, ""model_disagreement"": 1}"
328,孤陽微兮羣陰盜兮力旣殫兮將不可耄兮真謹慎兮宜可保兮,25,328,328,0,9928,placeholder,328 712 1096 1480 1864 2248 2632 3016 3400 3784 4168 4552 4936 5320 5704 6088 6472 6856 7240 7624 8008 8392 8776 9160 9544,True,1480 1864 2632 3016 4168 4552 6088 6472 9544,"{""accepted"": 15, ""corrected"": 1, ""low_confidence"": 1, ""model_disagreement"": 8}"
329,曉雨初睛映碧溪重重春色上柴扉黃金不盡家殷富何必區區羡錦衣,28,329,713,1,11465,placeholder,713 1097 1481 1865 2249 2633 3017 3401 3785 4169 4553 4937 5321 5705 6089 6473 6857 7241 7625 8009 8393 8777 9161 9545 9929 10313 10697 11081,True,1481 1865 2249 5321 7241,"{""accepted"": 23, ""model_disagreement"": 5}"
330,世道多荆棘人情每用嗟利名各有路勤苦逐生涯,20,330,330,0,8010,placeholder,330 714 1098 1482 1866 2250 2634 3018 3402 3786 4170 4554 4938 5322 5706 6090 6474 6858 7242 7626,True,1482 3786 4170 6474,"{""accepted"": 16, ""model_disagreement"": 4}"
331,山窮路轉迷水急舟難渡萬事莫強為出處遭奸妬,20,331,331,0,8011,placeholder,331 715 1099 1483 1867 2251 2635 3019 3403 3787 4171 4555 4939 5323 5707 6091 6475 6859 7243 7627,True,2251 3019 7243 7627,"{""accepted"": 16, ""model_disagreement"": 4}"
332,時邊多難戰戰兢兢戒謹恐懼如履薄冰須識前程危與險一籠風裏一枝燈,30,332,716,1,12236,placeholder,716 1100 1484 1868 2252 2636 3020 3404 3788 4172 4556 4940 5324 5708 6092 6476 6860 7244 7628 8012 8396 8780 9164 9548 9932 10316 10700 11084 11468 11852,True,3020 3404 9548 9932 10700 11084,"{""accepted"": 24, ""model_disagreement"": 6}"
333,一朶花技豔更芳清香馥郁透蘭房時風吹送終成笑好句筵前進幾觴,28,333,333,0,11085,placeholder,333 717 1101 1485 1869 2253 2637 3021 3405 3789 4173 4557 4941 5325 5709 6093 6477 6861 7245 7629 8013 8397 8781 9165 9549 9933 10317 10701,True,1869 4173 10701,"{""accepted"": 24, ""corrected"": 1, ""model_disagreement"": 3}"
334,自從持守定功在衆人先別有非常喜隨龍到九天,20,334,334,0,8014,placeholder,334 718 1102 1486 1870 2254 2638 3022 3406 3790 4174 4558 4942 5326 5710 6094 6478 6862 7246 7630,True,3022 4174,"{""accepted"": 18, ""low_confidence"": 1, ""model_disagreement"": 1}"
335,遠涉波濤一葉舟而今始得過灘頭年來心事纔成就屈指從前多可憂,28,335,719,1,11471,placeholder,719 1103 1487 1871 2255 2639 3023 3407 3791 4175 4559 4943 5327 5711 6095 6479 6863 7247 7631 8015 8399 8783 9167 9551 9935 10319 10703 11087,True,2255 3023 5327 7631,"{""accepted"": 24, ""model_disagreement"": 4}"
336,受君之禄久降禎祥盈而不覆守之乃昌毋怠毋驕永保安康,24,336,336,0,9552,placeholder,336 720 1104 1488 1872 2256 2640 3024 3408 3792 4176 4560 4944 5328 5712 6096 6480 6864 7248 7632 8016 8400 8784 9168,True,1488 4944 6480 6864,"{""accepted"": 20, ""model_disagreement"": 4}"
337,萬事不由人計較一生盡是命安排莫疑猜命裏有時總有分何須碌碌混塵埃休哉,33,337,337,0,,dictionary_end,337 721 1105 1489 1873 2257 2641 3025 3409 3793 4177 4561 4945 5329 5713 6097 6481 6865 7249 7633 8017 8401 8785 9169 9553 9937 10321 10705 11089 11473 11857 12241 12625,True,2641 7249 8401 12241 12625,"{""accepted"": 28, ""model_disagreement"": 5}"
338,一片憂心未肯休花逢春雨豔難留得意歸休失意歸休仙家只此一籌謀,29,338,722,1,11858,placeholder,722 1106 1490 1874 2258 2642 3026 3410 3794 4178 4562 4946 5330 5714 6098 6482 6866 7250 7634 8018 8402 8786 9170 9554 9938 10322 10706 11090 11474,True,722 3794 4946 5714 9938 10706 11090,"{""accepted"": 22, ""model_disagreement"": 7}"
339,兩女一夫上下相祛陰氣乘陽用是耗虚,16,339,339,0,6483,placeholder,339 723 1107 1491 1875 2259 2643 3027 3411 3795 4179 4563 4947 5331 5715 6099,True,1491 2259 6099,"{""accepted"": 13, ""model_disagreement"": 3}"
340,雙燕歸南國來尋王謝家華堂春盡静造此托生涯,20,340,340,0,8020,placeholder,340 724 1108 1492 1876 2260 2644 3028 3412 3796 4180 4564 4948 5332 5716 6100 6484 6868 7252 7636,True,5332 5716,"{""accepted"": 18, ""model_disagreement"": 2}"
341,命運蹇兮時違災映及兮身疲望皇天兮不我顧嗟我親兮病斯危,26,341,341,0,10325,placeholder,341 725 1109 1493 1877 2261 2645 3029 3413 3797 4181 4565 4949 5333 5717 6101 6485 6869 7253 7637 8021 8405 8789 9173 9557 9941,True,1109 2645 3797 4949 6101 7637 8789,"{""accepted"": 19, ""model_disagreement"": 7}"
342,採藥天臺路轉迷桃花玩水賦佳期春風啼鳥多情思寄語劉郎旦莫歸,28,342,342,0,11094,placeholder,342 726 1110 1494 1878 2262 2646 3030 3414 3798 4182 4566 4950 5334 5718 6102 6486 6870 7254 7638 8022 8406 8790 9174 9558 9942 10326 10710,True,342 1494 8406 9942,"{""accepted"": 24, ""model_disagreement"": 4}"
343,出溫入寒被薄衣單去我慈航難解横愆,16,343,343,0,6487,placeholder,343 727 1111 1495 1879 2263 2647 3031 3415 3799 4183 4567 4951 5335 5719 6103,True,727 4183 5719 6103,"{""accepted"": 12, ""model_disagreement"": 4}"
344,三五三口放在一斗滿而溢子自得,14,344,344,0,5720,placeholder,344 728 1112 1496 1880 2264 2648 3032 3416 3800 4184 4568 4952 5336,True,2648 3032 3416 4568,"{""accepted"": 10, ""low_confidence"": 1, ""model_disagreement"": 3}"
345,誰說故鄉無滋味飄零湖海在天涯任咨嗟中秋月隱春雨淋花多謝征人長,30,345,729,1,12249,placeholder,729 1113 1497 1881 2265 2649 3033 3417 3801 4185 4569 4953 5337 5721 6105 6489 6873 7257 7641 8025 8409 8793 9177 9561 9945 10329 10713 11097 11481 11865,True,2649 3417 6873 11097,"{""accepted"": 26, ""low_confidence"": 1, ""model_disagreement"": 3}"
346,雲散月當空牛前馬後逢張弓方抵禦一箭定全功,20,346,346,0,8026,placeholder,346 730 1114 1498 1882 2266 2650 3034 3418 3802 4186 4570 4954 5338 5722 6106 6490 6874 7258 7642,True,3802 4570 5722 6106,"{""accepted"": 16, ""model_disagreement"": 4}"
347,馬進徐行似有程月沈西海日東升運來何必勞心力風送江湖萬里清,28,347,347,0,11099,placeholder,347 731 1115 1499 1883 2267 2651 3035 3419 3803 4187 4571 4955 5339 5723 6107 6491 6875 7259 7643 8027 8411 8795 9179 9563 9947 10331 10715,True,3419 4571 10331,"{""accepted"": 25, ""model_disagreement"": 3}"
348,雲横山際水茫茫千里長途望故鄉蹇厄事來君莫恨倚門惆悵立斜陽,28,348,348,0,11100,placeholder,348 732 1116 1500 1884 2268 2652 3036 3420 3804 4188 4572 4956 5340 5724 6108 6492 6876 7260 7644 8028 8412 8796 9180 9564 9948 10332 10716,True,732 3420 4572 5724 9180 9564,"{""accepted"": 22, ""model_disagreement"": 6}"
349,風波今已息舟揖遇安流自此功名遂何須歎白頭,20,349,349,0,8029,placeholder,349 733 1117 1501 1885 2269 2653 3037 3421 3805 4189 4573 4957 5341 5725 6109 6493 6877 7261 7645,True,1501 2269 2653 6877 7261,"{""accepted"": 15, ""model_disagreement"": 5}"
350,巴到平安地江山萬里程綠揚芳草處風快馬啼輕,20,350,350,0,8030,placeholder,350 734 1118 1502 1886 2270 2654 3038 3422 3806 4190 4574 4958 5342 5726 6110 6494 6878 7262 7646,True,2654 3422,"{""accepted"": 18, ""model_disagreement"": 2}"
351,鵰鶚當秋勢轉雄乘風分翼到蟾宮榮華若問將來事先後名聲達九重,28,351,351,0,11103,placeholder,351 735 1119 1503 1887 2271 2655 3039 3423 3807 4191 4575 4959 5343 5727 6111 6495 6879 7263 7647 8031 8415 8799 9183 9567 9951 10335 10719,True,351 735,"{""accepted"": 26, ""model_disagreement"": 2}"
352,鼠為患終宵不得甯猫兒一叫幾夜太平人豈識如獸其理甚分明,26,352,352,0,10336,placeholder,352 736 1120 1504 1888 2272 2656 3040 3424 3808 4192 4576 4960 5344 5728 6112 6496 6880 7264 7648 8032 8416 8800 9184 9568 9952,True,736 1120 3040 3424 3808 4192 6880,"{""accepted"": 19, ""model_disagreement"": 7}"
353,兩人在旁太陽在上照汝一寸心仙機曾否明,18,353,353,0,7265,placeholder,353 737 1121 1505 1889 2273 2657 3041 3425 3809 4193 4577 4961 5345 5729 6113 6497 6881,True,4193 4961,"{""accepted"": 16, ""model_disagreement"": 2}"
354,君子道消小人道長陰氣鬱鬱陽氣不揚如何如可良賈深藏,24,354,354,0,9570,placeholder,354 738 1122 1506 1890 2274 2658 3042 3426 3810 4194 4578 4962 5346 5730 6114 6498 6882 7266 7650 8034 8418 8802 9186,True,738,"{""accepted"": 23, ""model_disagreement"": 1}"
355,去到長安東北轉角逢着天門便有下落,16,355,355,0,6499,placeholder,355 739 1123 1507 1891 2275 2659 3043 3427 3811 4195 4579 4963 5347 5731 6115,True,3427,"{""accepted"": 15, ""model_disagreement"": 1}"
356,徐步入天台為見好消息採藥有仙童洞府列春色,20,356,356,0,8036,placeholder,356 740 1124 1508 1892 2276 2660 3044 3428 3812 4196 4580 4964 5348 5732 6116 6500 6884 7268 7652,True,1892 4196,"{""accepted"": 18, ""model_disagreement"": 2}"
357,思量一夜不如打幹一番若還錯煩惱及肺肝,18,357,357,0,7269,placeholder,357 741 1125 1509 1893 2277 2661 3045 3429 3813 4197 4581 4965 5349 5733 6117 6501 6885,True,3045 3429 4197,"{""accepted"": 15, ""low_confidence"": 1, ""model_disagreement"": 2}"
358,心細膽粗可勝上將之任勇住前行成敗何必在心胸中把持得定敵人自能受困,32,358,742,1,,dictionary_end,742 1126 1510 1894 2278 2662 3046 3430 3814 4198 4582 4966 5350 5734 6118 6502 6886 7270 7654 8038 8422 8806 9190 9574 9958 10342 10726 11110 11494 11878 12262 12646,True,3430 7270 8038 10726 12646,"{""accepted"": 27, ""low_confidence"": 1, ""model_disagreement"": 4}"
359,天念苦修人終不落紅塵清心能見道擾擾喪真靈,20,359,359,0,8039,placeholder,359 743 1127 1511 1895 2279 2663 3047 3431 3815 4199 4583 4967 5351 5735 6119 6503 6887 7271 7655,False,,"{""accepted"": 19, ""corrected"": 1}"
360,補兇於淵求魚於山從朝至暮功負力捐數弦易轍庶可圖全,24,360,360,0,9576,placeholder,360 744 1128 1512 1896 2280 2664 3048 3432 3816 4200 4584 4968 5352 5736 6120 6504 6888 7272 7656 8040 8424 8808 9192,True,744 1128 2664 3048 5352,"{""accepted"": 19, ""model_disagreement"": 5}"
361,手持一木魚沿街去化來不見徐公來却遇一鳥去,20,361,361,0,8041,placeholder,361 745 1129 1513 1897 2281 2665 3049 3433 3817 4201 4585 4969 5353 5737 6121 6505 6889 7273 7657,True,2281 6121 6889,"{""accepted"": 17, ""model_disagreement"": 3}"
362,水大旣濟陰陽相契育物新民參天贊地,16,362,362,0,6506,placeholder,362 746 1130 1514 1898 2282 2666 3050 3434 3818 4202 4586 4970 5354 5738 6122,True,5738,"{""accepted"": 14, ""corrected"": 1, ""low_confidence"": 1}"
363,騎玉兎到廣寒遇嫦娥將桂攀满身馥郁兩袖馨香,20,363,363,0,8043,placeholder,363 747 1131 1515 1899 2283 2667 3051 3435 3819 4203 4587 4971 5355 5739 6123 6507 6891 7275 7659,True,747 1131 3051 4203 4971 6123,"{""accepted"": 14, ""model_disagreement"": 6}"
364,一個神道隨爾去行逢人設法到處顯靈,16,364,364,0,6508,placeholder,364 748 1132 1516 1900 2284 2668 3052 3436 3820 4204 4588 4972 5356 5740 6124,True,3436,"{""accepted"": 15, ""model_disagreement"": 1}"
365,爐中大沙裏金功力到丹鼎成,12,365,365,0,4973,placeholder,365 749 1133 1517 1901 2285 2669 3053 3437 3821 4205 4589,True,1901,"{""accepted"": 11, ""model_disagreement"": 1}"
366,此去萬里程却遇花知音同心共濟大立敷名,18,366,366,0,7278,placeholder,366 750 1134 1518 1902 2286 2670 3054 3438 3822 4206 4590 4974 5358 5742 6126 6510 6894,True,1518 2286 6510,"{""accepted"": 15, ""model_disagreement"": 3}"
367,尋芳春日適見花開朶朶堪摘枝枝可栽,16,367,751,1,6895,placeholder,751 1135 1519 1903 2287 2671 3055 3439 3823 4207 4591 4975 5359 5743 6127 6511,True,6511,"{""accepted"": 13, ""corrected"": 2, ""model_disagreement"": 1}"
368,龍一吟雲便興冲霄直上快覩太平為文為武君君臣臣,22,368,368,0,8816,placeholder,368 752 1136 1520 1904 2288 2672 3056 3440 3824 4208 4592 4976 5360 5744 6128 6512 6896 7280 7664 8048 8432,True,1136 2288 2672 4592 6512,"{""accepted"": 17, ""model_disagreement"": 5}"
369,虎出金傷有勇成何際怎似山翁非富猶有趣,18,369,369,0,7281,placeholder,369 753 1137 1521 1905 2289 2673 3057 3441 3825 4209 4593 4977 5361 5745 6129 6513 6897,True,753 4209,"{""accepted"": 16, ""model_disagreement"": 2}"
370,過羊腸人康莊五陵裘馬當思故鄉,14,370,754,1,6130,placeholder,754 1138 1522 1906 2290 2674 3058 3442 3826 4210 4594 4978 5362 5746,False,,"{""accepted"": 14}"
371,火遭水尅火滅其光水勢滔滔源遠流長,16,371,371,0,6515,placeholder,371 755 1139 1523 1907 2291 2675 3059 3443 3827 4211 4595 4979 5363 5747 6131,True,371 1523 4595,"{""accepted"": 13, ""model_disagreement"": 3}"
372,東閣筵開佳客自來高歌唱和展挹舒懷,16,372,372,0,6516,placeholder,372 756 1140 1524 1908 2292 2676 3060 3444 3828 4212 4596 4980 5364 5748 6132,True,756 3060 5364,"{""accepted"": 13, ""model_disagreement"": 3}"
373,世界似清甯不知辭己休打壘要小心須防遭大毒,20,373,373,0,8053,placeholder,373 757 1141 1525 1909 2293 2677 3061 3445 3829 4213 4597 4981 5365 5749 6133 6517 6901 7285 7669,True,1141,"{""accepted"": 19, ""model_disagreement"": 1}"
374,跳龍門須汲浪雷電轟轟踴躍萬大,14,374,374,0,5750,placeholder,374 758 1142 1526 1910 2294 2678 3062 3446 3830 4214 4598 4982 5366,True,1910,"{""accepted"": 12, ""corrected"": 1, ""model_disagreement"": 1}"
375,山上有古松亭亭冲漢斗幹老技更長天地生榮久,20,375,375,0,8055,placeholder,375 759 1143 1527 1911 2295 2679 3063 3447 3831 4215 4599 4983 5367 5751 6135 6519 6903 7287 7671,True,1911 3063 3831 4215,"{""accepted"": 16, ""model_disagreement"": 4}"
376,誹謗言勿計論釗頭來數已定碌碌浮生不如安分,20,376,376,0,8056,placeholder,376 760 1144 1528 1912 2296 2680 3064 3448 3832 4216 4600 4984 5368 5752 6136 6520 6904 7288 7672,True,376 760,"{""accepted"": 17, ""corrected"": 1, ""model_disagreement"": 2}"
377,一個猪可祭天地雖喪身亦算好處,14,377,761,1,6137,placeholder,761 1145 1529 1913 2297 2681 3065 3449 3833 4217 4601 4985 5369 5753,True,761 1529 4601,"{""accepted"": 11, ""low_confidence"": 1, ""model_disagreement"": 2}"
378,與具日營營何如夜忖忖日裏多勞形夜間却安穩,20,378,378,0,8058,placeholder,378 762 1146 1530 1914 2298 2682 3066 3450 3834 4218 4602 4986 5370 5754 6138 6522 6906 7290 7674,True,2682 3450 3834 4218 4602 6906 7674,"{""accepted"": 13, ""low_confidence"": 1, ""model_disagreement"": 6}"
379,東風來花自開大家喝采暢飲三杯,14,379,379,0,5755,placeholder,379 763 1147 1531 1915 2299 2683 3067 3451 3835 4219 4603 4987 5371,True,3835 5371,"{""accepted"": 12, ""model_disagreement"": 2}"
380,疏食飲木樂在其中膏梁嗅味反使心朦,16,380,380,0,6524,placeholder,380 764 1148 1532 1916 2300 2684 3068 3452 3836 4220 4604 4988 5372 5756 6140,True,2684,"{""accepted"": 15, ""model_disagreement"": 1}"
381,黃牛闢士大力開疆西成時候穀米盈蒼,16,381,381,0,6525,placeholder,381 765 1149 1533 1917 2301 2685 3069 3453 3837 4221 4605 4989 5373 5757 6141,True,1149 1917 2301 4989,"{""accepted"": 12, ""model_disagreement"": 4}"
382,蛇可化龍頭角將出平地一聲雷轟方顯龍蛇有力,20,382,382,0,8062,placeholder,382 766 1150 1534 1918 2302 2686 3070 3454 3838 4222 4606 4990 5374 5758 6142 6526 6910 7294 7678,True,2686 3070 4222,"{""accepted"": 17, ""low_confidence"": 1, ""model_disagreement"": 2}"
383,九華山頂紫氣騰騰異盡一舟取去前行,16,383,383,0,6527,placeholder,383 767 1151 1535 1919 2303 2687 3071 3455 3839 4223 4607 4991 5375 5759 6143,True,3071 3455 4607,"{""accepted"": 13, ""low_confidence"": 1, ""model_disagreement"": 2}"
384,人非孔顏鮮能無過過而能改仍復無過開花不足憑結果方為準放開懷抱意欣欣,33,384,384,0,,dictionary_end,384 768 1152 1536 1920 2304 2688 3072 3456 3840 4224 4608 4992 5376 5760 6144 6528 6912 7296 7680 8064 8448 8832 9216 9600 9984 10368 10752 11136 11520 11904 12288 12672,True,2688 5376 9600,"{""accepted"": 30, ""model_disagreement"": 3}"
